problem_id,ticket_id,parent_problem_id,cluster_id,user_id,category_id,visibility_id,status_id,title,description,latitude,longitude,building_name,is_deleted,is_hidden,is_flagged,flagged_reason,llm_analysis,sla_due_date,created_at,deleted_at,location_confidence,is_location_confirmed
1,NULL,NULL,1,1,33,1,1,"เกิดเหตุไฟฟ้าดับในอาคาร CE10140 ซึ่งส่งผลให้การใช้...","เกิดเหตุไฟฟ้าดับในอาคาร CE10140 ซึ่งส่งผลให้การใช้งานระบบไฟฟ้าภายในอาคารเป็นไปอย่างไม่ปกติ อาจกระทบต่อการทำงานและการเรียนการสอนในพื้นที่ดังกล่าว",19.03036487,99.89617646,ข้างห้องน้ำ,0,0,0,NULL,"{"urgency": "high", "sentiment": "neutral"}","2026-07-27 17:25:43","2026-07-20 17:25:43",NULL,NULL,0
2,NULL,NULL,2,1,37,1,1,"มีคอมพิวเตอร์จำนวน 3 เครื่องในอาคารไอซีที ชำรุดเสี...","มีคอมพิวเตอร์จำนวน 3 เครื่องในอาคารไอซีที ชำรุดเสียหายและไม่สามารถใช้งานได้ ซึ่งอาจส่งผลต่อการปฏิบัติงานหรือการเรียนการสอนของผู้ใช้งานในพื้นที่ดังกล่าว",19.03023683,99.89997983,ห้องเชียงคำ,0,0,0,NULL,"{"urgency": "high", "sentiment": "neutral"}","2026-07-27 17:37:27","2026-07-20 17:37:27",NULL,NULL,0
3,NULL,2,2,1,37,1,1,"ไฟดับที่ตึก ICT1102","เรียน ฝ่ายบริหารและสนับสนุนงานวิชาการ

ข้าพเจ้าขอรายงานเหตุการณ์ที่เกิดขึ้นเมื่อไม่นานมานี้ ซึ่งมีผลต่อการดำเนินงานภายในอาคาร ICT1102 โดยพบว่าเกิดเหตุไฟฟ้าดับขึ้นอย่างฉับพลันในช่วงเวลาดังกล่าว ซึ่งอาจส่งผลกระทบต่อสภาพแวดล้อมการเรียนการสอน รวมถึงการใช้งานอุปกรณ์ไฟฟ้าต่าง ๆ ที่จำเป็นต่อการปฏิบัติงานของบุคลากรและนักศึกษาภายในอาคาร

เนื่องจากอาคาร ICT1102 เป็นศูนย์กลางหนึ่งในการจัดการเรียนการสอนด้านเทคโนโลยีสารสนเทศ และมีการใช้งานระบบเครือข่าย อุปกรณ์คอมพิวเตอร์ ห้องปฏิบัติการ และอุปกรณ์ควบคุมสภาพแวดล้อมอย่างต่อเนื่อง ความหยุดชะงักของระบบไฟฟ้าจึงอาจก่อให้เกิดความเสียหายต่อข้อมูล ความล่าช้าในการจัดการเรียนการสอน หรือแม้แต่ความเสียหายต่ออุปกรณ์ที่ไม่มีแหล่งจ่ายไฟสำรองเพียงพอ

ข้าพเจ้าจึงขอรบกวนให้ฝ่ายที่เกี่ยวข้องดำเนินการตรวจสอบสาเหตุของเหตุการณ์ดังกล่าวอย่างเร่งด่วน เพื่อป้องกันไม่ให้เกิดเหตุการณ์ซ้ำในอนาคต และขอความกรุณาพิจารณาประเมินความพร้อมของระบบสำรองไฟฟ้า (เช่น UPS หรือเครื่องกำเนิดไฟฟ้า) ภายในอาคาร เพื่อเสริมสร้างความมั่นคงและความต่อเนื่องของการให้บริการในระยะยาว

ขอแสดงความนับถือ  
[ชื่อผู้แจ้ง]  
[ตำแหน่ง/หน่วยงาน]  
[วันที่]",NULL,NULL,"ตึก ICT1102",0,0,0,NULL,"{"urgency": "high", "sentiment": "neutral"}","2026-07-27 19:09:52","2026-07-20 19:09:52",NULL,NULL,0
4,NULL,5,3,2,31,1,4,รถเมล์ไม่ออกบริเวณตึกไอซีที,"มีรายงานว่ารถเมล์ไม่สามารถออกเดินทางได้บริเวณตึกไอซีที อาจเกิดจากปัญหาการจัดการเส้นทางหรือการให้บริการ",19.02860000,99.89580000,คณะเทคโนโลยีสารสนเทศและการสื่อสาร,1,1,0,NULL,"{"urgency": "normal", "sentiment": "neutral"}","2026-07-30 13:59:31","2026-07-23 13:59:31","2026-07-23 15:50:13",1,1
5,BUS-26-0005,NULL,3,2,31,1,3,รถเมล์เสียบริเวณตึกไอซีที,"มีรายงานว่ารถเมล์เสียบริเวณตึกไอซีที ทำให้เกิดความไม่สะดวกในการเดินทางของผู้ใช้บริการ",19.02860000,99.89580000,คณะเทคโนโลยีสารสนเทศและการสื่อสาร,0,0,0,NULL,"{"urgency": "normal", "sentiment": "neutral"}","2026-07-30 15:15:54","2026-07-23 15:15:54",NULL,1,1
6,BUS-26-0006,5,3,2,31,1,1,รถเมล์เสียบริเวณตึกไอซีที,"รถเมล์เสียอยู่บริเวณตึกไอซีที ทำให้เกิดปัญหาในการเดินทางหรือการให้บริการ",19.02860000,99.89580000,คณะเทคโนโลยีสารสนเทศและการสื่อสาร,0,0,0,NULL,"{"urgency": "normal", "sentiment": "neutral"}","2026-07-30 16:34:21","2026-07-23 16:34:21",NULL,1,1
7,BUS-26-0007,5,3,2,31,1,1,รถเมล์เสียที่ตึกไอซีที,"รถเมล์เสียบริเวณตึกไอซีที ทำให้ไม่สามารถใช้งานได้ตามปกติ",19.02860000,99.89580000,คณะเทคโนโลยีสารสนเทศและการสื่อสาร,0,0,0,NULL,"{"urgency": "normal", "sentiment": "neutral"}","2026-07-30 16:35:21","2026-07-23 16:35:21",NULL,1,1
8,BUS-26-0008,5,3,2,31,1,1,รถเสียในลานจอดรถตึกอธิการบดี,"มีรถเสียอยู่บริเวณลานจอดรถของตึกอธิการบดี ซึ่งอาจส่งผลกระทบต่อการจราจรและพื้นที่จอดรถของผู้ใช้งาน",NULL,NULL,ตึกอธิการบดี,0,0,0,NULL,"{"urgency": "normal", "sentiment": "neutral"}","2026-07-30 16:41:42","2026-07-23 16:41:42",NULL,NULL,0
9,BUILD-26-0009,NULL,4,8,32,1,1,"ไฟดับที่ตึก ICET","เกิดไฟฟ้าดับในตึก ICET โดยไม่มีการแจ้งเตือนล่วงหน้า ทำให้เกิดความไม่สะดวกในการใช้งานพื้นที่ภายในตึก",19.02860000,99.89580000,คณะเทคโนโลยีสารสนเทศและการสื่อสาร,0,0,0,NULL,"{"urgency": "high", "sentiment": "angry"}","2026-07-30 19:06:50","2026-07-23 19:06:50",NULL,NULL,0
