id,text,label,category
238,แจ้งเรื่องครับ พอดีเจอว่า แอร์ไม่เย็น ที่ตึกวิทย์,1,หมวดอาคารและสิ่งอำนวยความสะดวก
584,แอดมินครับ รอรถ ต้องติดต่อที่ส่วนไหนครับ,5,หมวดการเดินทางและระบบขนส่ง
491,แจ้งเรื่องครับ พอดีเจอว่า ลิฟต์ ที่ตึกวิทย์,1,หมวดอาคารและสิ่งอำนวยความสะดวก
899,แอดมินครับ รถเมล์มอ ต้องติดต่อที่ส่วนไหนครับ,5,หมวดการเดินทางและระบบขนส่ง
1397,ขออนุญาตสอบถามเรื่อง ตารางเรียน ของเทอมนี้ครับ,3,หมวดการเรียนการสอนและวิชาการ
1322,แอดมินครับ ลืมของ ต้องติดต่อที่ส่วนไหนครับ,4,หมวดบริการทั่วไป / อื่นๆ
1294,ขออนุญาตสอบถามเรื่อง ตารางเรียน ของเทอมนี้ครับ,3,หมวดการเรียนการสอนและวิชาการ
6,แอดมินครับ ของหาย ต้องติดต่อที่ส่วนไหนครับ,4,หมวดบริการทั่วไป / อื่นๆ
1183,แอดมินครับ หมวกกันน็อกหาย ต้องติดต่อที่ส่วนไหนครับ,4,หมวดบริการทั่วไป / อื่นๆ
255,รบกวนตรวจสอบบริเวณประตู 2 มีปัญหา ขโมย ครับ,2,หมวดความปลอดภัยและจราจร
1323,รบกวนตรวจสอบบริเวณประตู 2 มีปัญหา หมวกกันน็อคหาย ครับ,2,หมวดความปลอดภัยและจราจร
925,แอดมินครับ อยากทราบว่า ต้องติดต่อที่ส่วนไหนครับ,4,หมวดบริการทั่วไป / อื่นๆ
1196,แอดมินครับ รถเมล์ ต้องติดต่อที่ส่วนไหนครับ,5,หมวดการเดินทางและระบบขนส่ง
1317,มีปัญหาเรื่อง เน็ตหลุด ครับ ช่วยแก้ไขให้หน่อย,6,หมวดเทคโนโลยีสารสนเทศ
475,ตรงสนามหญ้าหน้าคณะมีสภาพ เหม็น รบกวนดูแลด้วย,0,หมวดภูมิทัศน์และความสะอาด
170,แอดมินครับ รถเมล์ติด ต้องติดต่อที่ส่วนไหนครับ,5,หมวดการเดินทางและระบบขนส่ง
400,มีปัญหาเรื่อง เข้าเว็บไม่ได้ ครับ ช่วยแก้ไขให้หน่อย,6,หมวดเทคโนโลยีสารสนเทศ
1434,แจ้งเรื่องครับ พอดีเจอว่า แอร์ไม่เย็น ที่ตึกวิทย์,1,หมวดอาคารและสิ่งอำนวยความสะดวก
1078,ขออนุญาตสอบถามเรื่อง ขอสอบชดเชย ของเทอมนี้ครับ,3,หมวดการเรียนการสอนและวิชาการ
830,แจ้งเรื่องครับ พอดีเจอว่า ไฟดับ ที่ตึกวิทย์,1,หมวดอาคารและสิ่งอำนวยความสะดวก
250,แจ้งเรื่องครับ พอดีเจอว่า พัง ที่ตึกวิทย์,1,หมวดอาคารและสิ่งอำนวยความสะดวก
180,ตรงสนามหญ้าหน้าคณะมีสภาพ ต้นไม้ล้ม รบกวนดูแลด้วย,0,หมวดภูมิทัศน์และความสะอาด
308,ตรงสนามหญ้าหน้าคณะมีสภาพ หญ้ารก รบกวนดูแลด้วย,0,หมวดภูมิทัศน์และความสะอาด
1157,แอดมินครับ บัตรนิสิต ต้องติดต่อที่ส่วนไหนครับ,4,หมวดบริการทั่วไป / อื่นๆ
1426,แจ้งเรื่องครับ พอดีเจอว่า ลิฟต์ ที่ตึกวิทย์,1,หมวดอาคารและสิ่งอำนวยความสะดวก
391,แจ้งเรื่องครับ พอดีเจอว่า ลิฟต์ ที่ตึกวิทย์,1,หมวดอาคารและสิ่งอำนวยความสะดวก
813,แจ้งเรื่องครับ พอดีเจอว่า ประตูพัง ที่ตึกวิทย์,1,หมวดอาคารและสิ่งอำนวยความสะดวก
1091,รบกวนตรวจสอบบริเวณประตู 2 มีปัญหา รปภ ครับ,2,หมวดความปลอดภัยและจราจร
605,แอดมินครับ ของหาย ต้องติดต่อที่ส่วนไหนครับ,4,หมวดบริการทั่วไป / อื่นๆ
298,ตรงสนามหญ้าหน้าคณะมีสภาพ ถังขยะเต็ม รบกวนดูแลด้วย,0,หมวดภูมิทัศน์และความสะอาด
496,มีปัญหาเรื่อง ระบบ ครับ ช่วยแก้ไขให้หน่อย,6,หมวดเทคโนโลยีสารสนเทศ
1010,แอดมินครับ ทุนการศึกษา ต้องติดต่อที่ส่วนไหนครับ,4,หมวดบริการทั่วไป / อื่นๆ
299,แอดมินครับ รถเมล์เต็ม ต้องติดต่อที่ส่วนไหนครับ,5,หมวดการเดินทางและระบบขนส่ง
276,แจ้งเรื่องครับ พอดีเจอว่า ประปา ที่ตึกวิทย์,1,หมวดอาคารและสิ่งอำนวยความสะดวก
1192,แจ้งเรื่องครับ พอดีเจอว่า น้ำไม่ไหล ที่ตึกวิทย์,1,หมวดอาคารและสิ่งอำนวยความสะดวก
150,แอดมินครับ รถเสีย ต้องติดต่อที่ส่วนไหนครับ,5,หมวดการเดินทางและระบบขนส่ง
70,มีปัญหาเรื่อง ลงทะเบียนไม่ได้ ครับ ช่วยแก้ไขให้หน่อย,6,หมวดเทคโนโลยีสารสนเทศ
337,มีปัญหาเรื่อง ลงทะเบียนไม่ได้ ครับ ช่วยแก้ไขให้หน่อย,6,หมวดเทคโนโลยีสารสนเทศ
1415,แจ้งเรื่องครับ พอดีเจอว่า พัง ที่ตึกวิทย์,1,หมวดอาคารและสิ่งอำนวยความสะดวก
1212,ตรงสนามหญ้าหน้าคณะมีสภาพ เหม็น รบกวนดูแลด้วย,0,หมวดภูมิทัศน์และความสะอาด
943,ตรงสนามหญ้าหน้าคณะมีสภาพ ทำความสะอาด รบกวนดูแลด้วย,0,หมวดภูมิทัศน์และความสะอาด
771,รบกวนตรวจสอบบริเวณประตู 2 มีปัญหา ทางมืด ครับ,2,หมวดความปลอดภัยและจราจร
1250,มีปัญหาเรื่อง ระบบล่ม ครับ ช่วยแก้ไขให้หน่อย,6,หมวดเทคโนโลยีสารสนเทศ
1347,แอดมินครับ หมวกกันน็อคหาย ต้องติดต่อที่ส่วนไหนครับ,4,หมวดบริการทั่วไป / อื่นๆ
1135,ตรงสนามหญ้าหน้าคณะมีสภาพ ต้นไม้ล้ม รบกวนดูแลด้วย,0,หมวดภูมิทัศน์และความสะอาด
38,แจ้งเรื่องครับ พอดีเจอว่า ลิฟต์ค้าง ที่ตึกวิทย์,1,หมวดอาคารและสิ่งอำนวยความสะดวก
346,ขออนุญาตสอบถามเรื่อง ดรอปเรียน ของเทอมนี้ครับ,3,หมวดการเรียนการสอนและวิชาการ
377,รบกวนตรวจสอบบริเวณประตู 2 มีปัญหา รถชน ครับ,2,หมวดความปลอดภัยและจราจร
53,แจ้งเรื่องครับ พอดีเจอว่า ลิฟต์ค้าง ที่ตึกวิทย์,1,หมวดอาคารและสิ่งอำนวยความสะดวก
1048,แอดมินครับ รอนาน ต้องติดต่อที่ส่วนไหนครับ,5,หมวดการเดินทางและระบบขนส่ง
223,ตรงสนามหญ้าหน้าคณะมีสภาพ ทำความสะอาด รบกวนดูแลด้วย,0,หมวดภูมิทัศน์และความสะอาด
119,แอดมินครับ ลืมของ ต้องติดต่อที่ส่วนไหนครับ,4,หมวดบริการทั่วไป / อื่นๆ
643,ขออนุญาตสอบถามเรื่อง ตารางเรียน ของเทอมนี้ครับ,3,หมวดการเรียนการสอนและวิชาการ
733,รบกวนตรวจสอบบริเวณประตู 2 มีปัญหา ทางมืด ครับ,2,หมวดความปลอดภัยและจราจร
1321,แอดมินครับ ทุนการศึกษา ต้องติดต่อที่ส่วนไหนครับ,4,หมวดบริการทั่วไป / อื่นๆ
459,แจ้งเรื่องครับ พอดีเจอว่า ไฟดับ ที่ตึกวิทย์,1,หมวดอาคารและสิ่งอำนวยความสะดวก
90,ขออนุญาตสอบถามเรื่อง เกรด ของเทอมนี้ครับ,3,หมวดการเรียนการสอนและวิชาการ
1282,แจ้งเรื่องครับ พอดีเจอว่า ประตูพัง ที่ตึกวิทย์,1,หมวดอาคารและสิ่งอำนวยความสะดวก
1303,มีปัญหาเรื่อง ลงทะเบียนไม่ได้ ครับ ช่วยแก้ไขให้หน่อย,6,หมวดเทคโนโลยีสารสนเทศ
248,ตรงสนามหญ้าหน้าคณะมีสภาพ ต้นไม้ล้ม รบกวนดูแลด้วย,0,หมวดภูมิทัศน์และความสะอาด
696,ขออนุญาตสอบถามเรื่อง ติดต่ออาจารย์ ของเทอมนี้ครับ,3,หมวดการเรียนการสอนและวิชาการ
371,แอดมินครับ ทุนการศึกษา ต้องติดต่อที่ส่วนไหนครับ,4,หมวดบริการทั่วไป / อื่นๆ
838,แอดมินครับ รถเสีย ต้องติดต่อที่ส่วนไหนครับ,5,หมวดการเดินทางและระบบขนส่ง
179,ตรงสนามหญ้าหน้าคณะมีสภาพ หญ้ารก รบกวนดูแลด้วย,0,หมวดภูมิทัศน์และความสะอาด
809,ขออนุญาตสอบถามเรื่อง หน่วยกิต ของเทอมนี้ครับ,3,หมวดการเรียนการสอนและวิชาการ
1069,แจ้งเรื่องครับ พอดีเจอว่า หลังคารั่ว ที่ตึกวิทย์,1,หมวดอาคารและสิ่งอำนวยความสะดวก
865,มีปัญหาเรื่อง หลุดบ่อย ครับ ช่วยแก้ไขให้หน่อย,6,หมวดเทคโนโลยีสารสนเทศ
1075,ตรงสนามหญ้าหน้าคณะมีสภาพ กิ่งไม้หัก รบกวนดูแลด้วย,0,หมวดภูมิทัศน์และความสะอาด
401,มีปัญหาเรื่อง ระบบ ครับ ช่วยแก้ไขให้หน่อย,6,หมวดเทคโนโลยีสารสนเทศ
294,มีปัญหาเรื่อง เน็ตช้า ครับ ช่วยแก้ไขให้หน่อย,6,หมวดเทคโนโลยีสารสนเทศ
1326,มีปัญหาเรื่อง หลุดบ่อย ครับ ช่วยแก้ไขให้หน่อย,6,หมวดเทคโนโลยีสารสนเทศ
582,แอดมินครับ รถเมล์สาย ต้องติดต่อที่ส่วนไหนครับ,5,หมวดการเดินทางและระบบขนส่ง
550,มีปัญหาเรื่อง ระบบล่ม ครับ ช่วยแก้ไขให้หน่อย,6,หมวดเทคโนโลยีสารสนเทศ
856,แจ้งเรื่องครับ พอดีเจอว่า น้ำไม่ไหล ที่ตึกวิทย์,1,หมวดอาคารและสิ่งอำนวยความสะดวก
867,ตรงสนามหญ้าหน้าคณะมีสภาพ ต้นไม้ล้ม รบกวนดูแลด้วย,0,หมวดภูมิทัศน์และความสะอาด
218,รบกวนตรวจสอบบริเวณประตู 2 มีปัญหา หมวกกันน็อคหาย ครับ,2,หมวดความปลอดภัยและจราจร
1012,แอดมินครับ ของหาย ต้องติดต่อที่ส่วนไหนครับ,4,หมวดบริการทั่วไป / อื่นๆ
1455,รบกวนตรวจสอบบริเวณประตู 2 มีปัญหา หมวกกันน็อคหาย ครับ,2,หมวดความปลอดภัยและจราจร
1277,ตรงสนามหญ้าหน้าคณะมีสภาพ ขยะล้น รบกวนดูแลด้วย,0,หมวดภูมิทัศน์และความสะอาด
256,ตรงสนามหญ้าหน้าคณะมีสภาพ ต้นไม้ล้ม รบกวนดูแลด้วย,0,หมวดภูมิทัศน์และความสะอาด
323,แจ้งเรื่องครับ พอดีเจอว่า ลิฟต์ค้าง ที่ตึกวิทย์,1,หมวดอาคารและสิ่งอำนวยความสะดวก
853,แอดมินครับ หมวกกันน็อกหาย ต้องติดต่อที่ส่วนไหนครับ,4,หมวดบริการทั่วไป / อื่นๆ
898,ขออนุญาตสอบถามเรื่อง หน่วยกิต ของเทอมนี้ครับ,3,หมวดการเรียนการสอนและวิชาการ
497,แอดมินครับ ขอคำแนะนำ ต้องติดต่อที่ส่วนไหนครับ,4,หมวดบริการทั่วไป / อื่นๆ
368,รบกวนตรวจสอบบริเวณประตู 2 มีปัญหา ขโมย ครับ,2,หมวดความปลอดภัยและจราจร
752,แอดมินครับ รถเมล์เต็ม ต้องติดต่อที่ส่วนไหนครับ,5,หมวดการเดินทางและระบบขนส่ง
1358,รบกวนตรวจสอบบริเวณประตู 2 มีปัญหา ทางมืด ครับ,2,หมวดความปลอดภัยและจราจร
642,ขออนุญาตสอบถามเรื่อง อาจารย์ ของเทอมนี้ครับ,3,หมวดการเรียนการสอนและวิชาการ
1160,ขออนุญาตสอบถามเรื่อง วันสอบ ของเทอมนี้ครับ,3,หมวดการเรียนการสอนและวิชาการ
1148,มีปัญหาเรื่อง ลืมรหัสผ่าน ครับ ช่วยแก้ไขให้หน่อย,6,หมวดเทคโนโลยีสารสนเทศ
56,แอดมินครับ ตามหาของ ต้องติดต่อที่ส่วนไหนครับ,4,หมวดบริการทั่วไป / อื่นๆ
1109,แอดมินครับ รถไม่มา ต้องติดต่อที่ส่วนไหนครับ,5,หมวดการเดินทางและระบบขนส่ง
716,แอดมินครับ ลืมของ ต้องติดต่อที่ส่วนไหนครับ,4,หมวดบริการทั่วไป / อื่นๆ
958,ขออนุญาตสอบถามเรื่อง ดรอปเรียน ของเทอมนี้ครับ,3,หมวดการเรียนการสอนและวิชาการ
482,มีปัญหาเรื่อง ระบบ ครับ ช่วยแก้ไขให้หน่อย,6,หมวดเทคโนโลยีสารสนเทศ
123,ขออนุญาตสอบถามเรื่อง เกรด ของเทอมนี้ครับ,3,หมวดการเรียนการสอนและวิชาการ
1031,แจ้งเรื่องครับ พอดีเจอว่า ประตูพัง ที่ตึกวิทย์,1,หมวดอาคารและสิ่งอำนวยความสะดวก
1067,แอดมินครับ รถเมล์เสีย ต้องติดต่อที่ส่วนไหนครับ,5,หมวดการเดินทางและระบบขนส่ง
1207,แอดมินครับ ป้ายรถเมล์ ต้องติดต่อที่ส่วนไหนครับ,5,หมวดการเดินทางและระบบขนส่ง
639,รบกวนตรวจสอบบริเวณประตู 2 มีปัญหา หมวกกันน็อคหาย ครับ,2,หมวดความปลอดภัยและจราจร
350,รบกวนตรวจสอบบริเวณประตู 2 มีปัญหา ขโมย ครับ,2,หมวดความปลอดภัยและจราจร
125,แอดมินครับ รถมอ ต้องติดต่อที่ส่วนไหนครับ,5,หมวดการเดินทางและระบบขนส่ง
1256,รบกวนตรวจสอบบริเวณประตู 2 มีปัญหา รถชน ครับ,2,หมวดความปลอดภัยและจราจร
630,มีปัญหาเรื่อง เน็ตหลุด ครับ ช่วยแก้ไขให้หน่อย,6,หมวดเทคโนโลยีสารสนเทศ
1475,แจ้งเรื่องครับ พอดีเจอว่า ประปา ที่ตึกวิทย์,1,หมวดอาคารและสิ่งอำนวยความสะดวก
1072,แจ้งเรื่องครับ พอดีเจอว่า ไฟดับ ที่ตึกวิทย์,1,หมวดอาคารและสิ่งอำนวยความสะดวก
988,ตรงสนามหญ้าหน้าคณะมีสภาพ หญ้ารก รบกวนดูแลด้วย,0,หมวดภูมิทัศน์และความสะอาด
1188,ขออนุญาตสอบถามเรื่อง วันสอบ ของเทอมนี้ครับ,3,หมวดการเรียนการสอนและวิชาการ
530,แจ้งเรื่องครับ พอดีเจอว่า น้ำไม่ไหล ที่ตึกวิทย์,1,หมวดอาคารและสิ่งอำนวยความสะดวก
919,รบกวนตรวจสอบบริเวณประตู 2 มีปัญหา รปภ. ครับ,2,หมวดความปลอดภัยและจราจร
1201,รบกวนตรวจสอบบริเวณประตู 2 มีปัญหา รปภ ครับ,2,หมวดความปลอดภัยและจราจร
1164,มีปัญหาเรื่อง ระบบ ครับ ช่วยแก้ไขให้หน่อย,6,หมวดเทคโนโลยีสารสนเทศ
126,แอดมินครับ คิวรถ ต้องติดต่อที่ส่วนไหนครับ,5,หมวดการเดินทางและระบบขนส่ง
275,แอดมินครับ รถเมล์เต็ม ต้องติดต่อที่ส่วนไหนครับ,5,หมวดการเดินทางและระบบขนส่ง
1016,ขออนุญาตสอบถามเรื่อง หน่วยกิต ของเทอมนี้ครับ,3,หมวดการเรียนการสอนและวิชาการ
1453,แอดมินครับ ทุนการศึกษา ต้องติดต่อที่ส่วนไหนครับ,4,หมวดบริการทั่วไป / อื่นๆ
1389,แอดมินครับ หมวกกันน็อกหาย ต้องติดต่อที่ส่วนไหนครับ,4,หมวดบริการทั่วไป / อื่นๆ
562,รบกวนตรวจสอบบริเวณประตู 2 มีปัญหา ทางมืด ครับ,2,หมวดความปลอดภัยและจราจร
1074,แจ้งเรื่องครับ พอดีเจอว่า ชำรุด ที่ตึกวิทย์,1,หมวดอาคารและสิ่งอำนวยความสะดวก
1286,ขออนุญาตสอบถามเรื่อง อาจารย์ ของเทอมนี้ครับ,3,หมวดการเรียนการสอนและวิชาการ
1260,รบกวนตรวจสอบบริเวณประตู 2 มีปัญหา ของหาย ครับ,2,หมวดความปลอดภัยและจราจร
366,ขออนุญาตสอบถามเรื่อง วันสอบ ของเทอมนี้ครับ,3,หมวดการเรียนการสอนและวิชาการ
1042,ตรงสนามหญ้าหน้าคณะมีสภาพ เหม็น รบกวนดูแลด้วย,0,หมวดภูมิทัศน์และความสะอาด
287,ขออนุญาตสอบถามเรื่อง วิชา ของเทอมนี้ครับ,3,หมวดการเรียนการสอนและวิชาการ
86,แจ้งเรื่องครับ พอดีเจอว่า ชำรุด ที่ตึกวิทย์,1,หมวดอาคารและสิ่งอำนวยความสะดวก
794,ตรงสนามหญ้าหน้าคณะมีสภาพ ขยะล้น รบกวนดูแลด้วย,0,หมวดภูมิทัศน์และความสะอาด
11,รบกวนตรวจสอบบริเวณประตู 2 มีปัญหา รปภ. ครับ,2,หมวดความปลอดภัยและจราจร
487,มีปัญหาเรื่อง ลืมรหัสผ่าน ครับ ช่วยแก้ไขให้หน่อย,6,หมวดเทคโนโลยีสารสนเทศ
501,รบกวนตรวจสอบบริเวณประตู 2 มีปัญหา เปลี่ยว ครับ,2,หมวดความปลอดภัยและจราจร
399,รบกวนตรวจสอบบริเวณประตู 2 มีปัญหา จอดรถขวาง ครับ,2,หมวดความปลอดภัยและจราจร
955,รบกวนตรวจสอบบริเวณประตู 2 มีปัญหา รปภ ครับ,2,หมวดความปลอดภัยและจราจร
650,มีปัญหาเรื่อง ระบบ ครับ ช่วยแก้ไขให้หน่อย,6,หมวดเทคโนโลยีสารสนเทศ
833,แอดมินครับ อยากทราบว่า ต้องติดต่อที่ส่วนไหนครับ,4,หมวดบริการทั่วไป / อื่นๆ
1353,รบกวนตรวจสอบบริเวณประตู 2 มีปัญหา อันตราย ครับ,2,หมวดความปลอดภัยและจราจร
664,ขออนุญาตสอบถามเรื่อง วันสอบ ของเทอมนี้ครับ,3,หมวดการเรียนการสอนและวิชาการ
1108,มีปัญหาเรื่อง ลงทะเบียนไม่ได้ ครับ ช่วยแก้ไขให้หน่อย,6,หมวดเทคโนโลยีสารสนเทศ
19,มีปัญหาเรื่อง ระบบ ครับ ช่วยแก้ไขให้หน่อย,6,หมวดเทคโนโลยีสารสนเทศ
520,ตรงสนามหญ้าหน้าคณะมีสภาพ ไม่ทำความสะอาด รบกวนดูแลด้วย,0,หมวดภูมิทัศน์และความสะอาด
1330,ตรงสนามหญ้าหน้าคณะมีสภาพ ต้นไม้ล้ม รบกวนดูแลด้วย,0,หมวดภูมิทัศน์และความสะอาด
798,แจ้งเรื่องครับ พอดีเจอว่า หลังคารั่ว ที่ตึกวิทย์,1,หมวดอาคารและสิ่งอำนวยความสะดวก
292,ขออนุญาตสอบถามเรื่อง ดรอปเรียน ของเทอมนี้ครับ,3,หมวดการเรียนการสอนและวิชาการ
464,แจ้งเรื่องครับ พอดีเจอว่า ลิฟต์ ที่ตึกวิทย์,1,หมวดอาคารและสิ่งอำนวยความสะดวก
34,ตรงสนามหญ้าหน้าคณะมีสภาพ หญ้ารก รบกวนดูแลด้วย,0,หมวดภูมิทัศน์และความสะอาด
1029,มีปัญหาเรื่อง เน็ตช้า ครับ ช่วยแก้ไขให้หน่อย,6,หมวดเทคโนโลยีสารสนเทศ
1251,ตรงสนามหญ้าหน้าคณะมีสภาพ หญ้ารก รบกวนดูแลด้วย,0,หมวดภูมิทัศน์และความสะอาด
2,แจ้งเรื่องครับ พอดีเจอว่า แอร์ ที่ตึกวิทย์,1,หมวดอาคารและสิ่งอำนวยความสะดวก
1227,รบกวนตรวจสอบบริเวณประตู 2 มีปัญหา เปลี่ยว ครับ,2,หมวดความปลอดภัยและจราจร
139,รบกวนตรวจสอบบริเวณประตู 2 มีปัญหา อันตราย ครับ,2,หมวดความปลอดภัยและจราจร
554,แจ้งเรื่องครับ พอดีเจอว่า ชำรุด ที่ตึกวิทย์,1,หมวดอาคารและสิ่งอำนวยความสะดวก
1045,รบกวนตรวจสอบบริเวณประตู 2 มีปัญหา จอดรถขวาง ครับ,2,หมวดความปลอดภัยและจราจร
1055,แอดมินครับ ท่ารถ ต้องติดต่อที่ส่วนไหนครับ,5,หมวดการเดินทางและระบบขนส่ง
185,ขออนุญาตสอบถามเรื่อง ตารางเรียน ของเทอมนี้ครับ,3,หมวดการเรียนการสอนและวิชาการ
815,ตรงสนามหญ้าหน้าคณะมีสภาพ หญ้ารก รบกวนดูแลด้วย,0,หมวดภูมิทัศน์และความสะอาด
1173,ขออนุญาตสอบถามเรื่อง ขอสอบชดเชย ของเทอมนี้ครับ,3,หมวดการเรียนการสอนและวิชาการ
927,รบกวนตรวจสอบบริเวณประตู 2 มีปัญหา รถชน ครับ,2,หมวดความปลอดภัยและจราจร
1063,แจ้งเรื่องครับ พอดีเจอว่า หลอดไฟขาด ที่ตึกวิทย์,1,หมวดอาคารและสิ่งอำนวยความสะดวก
693,รบกวนตรวจสอบบริเวณประตู 2 มีปัญหา จอดรถขวาง ครับ,2,หมวดความปลอดภัยและจราจร
638,มีปัญหาเรื่อง ลงทะเบียนไม่ได้ ครับ ช่วยแก้ไขให้หน่อย,6,หมวดเทคโนโลยีสารสนเทศ
44,ตรงสนามหญ้าหน้าคณะมีสภาพ ถังขยะเต็ม รบกวนดูแลด้วย,0,หมวดภูมิทัศน์และความสะอาด
1464,แจ้งเรื่องครับ พอดีเจอว่า แอร์ ที่ตึกวิทย์,1,หมวดอาคารและสิ่งอำนวยความสะดวก
637,แจ้งเรื่องครับ พอดีเจอว่า หลอดไฟขาด ที่ตึกวิทย์,1,หมวดอาคารและสิ่งอำนวยความสะดวก
670,ตรงสนามหญ้าหน้าคณะมีสภาพ เหม็น รบกวนดูแลด้วย,0,หมวดภูมิทัศน์และความสะอาด
1097,มีปัญหาเรื่อง ระบบล่ม ครับ ช่วยแก้ไขให้หน่อย,6,หมวดเทคโนโลยีสารสนเทศ
29,มีปัญหาเรื่อง ลืมรหัสผ่าน ครับ ช่วยแก้ไขให้หน่อย,6,หมวดเทคโนโลยีสารสนเทศ
77,ขออนุญาตสอบถามเรื่อง ตารางเรียน ของเทอมนี้ครับ,3,หมวดการเรียนการสอนและวิชาการ
827,ขออนุญาตสอบถามเรื่อง เกรด ของเทอมนี้ครับ,3,หมวดการเรียนการสอนและวิชาการ
152,รบกวนตรวจสอบบริเวณประตู 2 มีปัญหา ของหาย ครับ,2,หมวดความปลอดภัยและจราจร
466,ขออนุญาตสอบถามเรื่อง อาจารย์ ของเทอมนี้ครับ,3,หมวดการเรียนการสอนและวิชาการ
1309,ตรงสนามหญ้าหน้าคณะมีสภาพ สกปรก รบกวนดูแลด้วย,0,หมวดภูมิทัศน์และความสะอาด
1027,ตรงสนามหญ้าหน้าคณะมีสภาพ ทำความสะอาด รบกวนดูแลด้วย,0,หมวดภูมิทัศน์และความสะอาด
272,ขออนุญาตสอบถามเรื่อง ขอสอบชดเชย ของเทอมนี้ครับ,3,หมวดการเรียนการสอนและวิชาการ
1457,แอดมินครับ ของหาย ต้องติดต่อที่ส่วนไหนครับ,4,หมวดบริการทั่วไป / อื่นๆ
1020,แอดมินครับ ขอคำแนะนำ ต้องติดต่อที่ส่วนไหนครับ,4,หมวดบริการทั่วไป / อื่นๆ
1270,แอดมินครับ บัตรนิสิต ต้องติดต่อที่ส่วนไหนครับ,4,หมวดบริการทั่วไป / อื่นๆ
37,มีปัญหาเรื่อง เน็ตหลุด ครับ ช่วยแก้ไขให้หน่อย,6,หมวดเทคโนโลยีสารสนเทศ
455,ขออนุญาตสอบถามเรื่อง ดรอปเรียน ของเทอมนี้ครับ,3,หมวดการเรียนการสอนและวิชาการ
148,รบกวนตรวจสอบบริเวณประตู 2 มีปัญหา รปภ. ครับ,2,หมวดความปลอดภัยและจราจร
1175,แจ้งเรื่องครับ พอดีเจอว่า ประปา ที่ตึกวิทย์,1,หมวดอาคารและสิ่งอำนวยความสะดวก
267,รบกวนตรวจสอบบริเวณประตู 2 มีปัญหา ทางมืด ครับ,2,หมวดความปลอดภัยและจราจร
1139,รบกวนตรวจสอบบริเวณประตู 2 มีปัญหา รปภ ครับ,2,หมวดความปลอดภัยและจราจร
151,แอดมินครับ รถเมล์ ต้องติดต่อที่ส่วนไหนครับ,5,หมวดการเดินทางและระบบขนส่ง
984,รบกวนตรวจสอบบริเวณประตู 2 มีปัญหา หมวกกันน็อคหาย ครับ,2,หมวดความปลอดภัยและจราจร
405,ขออนุญาตสอบถามเรื่อง ดรอปเรียน ของเทอมนี้ครับ,3,หมวดการเรียนการสอนและวิชาการ
1327,ตรงสนามหญ้าหน้าคณะมีสภาพ ขยะล้น รบกวนดูแลด้วย,0,หมวดภูมิทัศน์และความสะอาด
409,แอดมินครับ รถเสีย ต้องติดต่อที่ส่วนไหนครับ,5,หมวดการเดินทางและระบบขนส่ง
415,แอดมินครับ ของหาย ต้องติดต่อที่ส่วนไหนครับ,4,หมวดบริการทั่วไป / อื่นๆ
1138,ตรงสนามหญ้าหน้าคณะมีสภาพ หมาจรจัด รบกวนดูแลด้วย,0,หมวดภูมิทัศน์และความสะอาด
861,ตรงสนามหญ้าหน้าคณะมีสภาพ ขยะล้น รบกวนดูแลด้วย,0,หมวดภูมิทัศน์และความสะอาด
96,รบกวนตรวจสอบบริเวณประตู 2 มีปัญหา รถติด ครับ,2,หมวดความปลอดภัยและจราจร
990,รบกวนตรวจสอบบริเวณประตู 2 มีปัญหา ขโมย ครับ,2,หมวดความปลอดภัยและจราจร
130,รบกวนตรวจสอบบริเวณประตู 2 มีปัญหา อันตราย ครับ,2,หมวดความปลอดภัยและจราจร
347,แอดมินครับ รอรถ ต้องติดต่อที่ส่วนไหนครับ,5,หมวดการเดินทางและระบบขนส่ง
213,รบกวนตรวจสอบบริเวณประตู 2 มีปัญหา จอดรถขวาง ครับ,2,หมวดความปลอดภัยและจราจร
1206,แอดมินครับ ลืมของ ต้องติดต่อที่ส่วนไหนครับ,4,หมวดบริการทั่วไป / อื่นๆ
1130,มีปัญหาเรื่อง หลุดบ่อย ครับ ช่วยแก้ไขให้หน่อย,6,หมวดเทคโนโลยีสารสนเทศ
1378,แอดมินครับ อยากทราบว่า ต้องติดต่อที่ส่วนไหนครับ,4,หมวดบริการทั่วไป / อื่นๆ
1393,แอดมินครับ สอบถามหน่อยครับ ต้องติดต่อที่ส่วนไหนครับ,4,หมวดบริการทั่วไป / อื่นๆ
1213,แอดมินครับ สอบถามหน่อยครับ ต้องติดต่อที่ส่วนไหนครับ,4,หมวดบริการทั่วไป / อื่นๆ
291,รบกวนตรวจสอบบริเวณประตู 2 มีปัญหา ทางมืด ครับ,2,หมวดความปลอดภัยและจราจร
105,ตรงสนามหญ้าหน้าคณะมีสภาพ หญ้ารก รบกวนดูแลด้วย,0,หมวดภูมิทัศน์และความสะอาด
222,ขออนุญาตสอบถามเรื่อง วิชา ของเทอมนี้ครับ,3,หมวดการเรียนการสอนและวิชาการ
571,แอดมินครับ รถเมล์ ต้องติดต่อที่ส่วนไหนครับ,5,หมวดการเดินทางและระบบขนส่ง
951,ตรงสนามหญ้าหน้าคณะมีสภาพ สกปรก รบกวนดูแลด้วย,0,หมวดภูมิทัศน์และความสะอาด
926,แอดมินครับ รถเมล์เต็ม ต้องติดต่อที่ส่วนไหนครับ,5,หมวดการเดินทางและระบบขนส่ง
774,ขออนุญาตสอบถามเรื่อง อาจารย์ ของเทอมนี้ครับ,3,หมวดการเรียนการสอนและวิชาการ
1302,ขออนุญาตสอบถามเรื่อง วันสอบ ของเทอมนี้ครับ,3,หมวดการเรียนการสอนและวิชาการ
407,มีปัญหาเรื่อง ไวไฟเข้าไม่ได้ ครับ ช่วยแก้ไขให้หน่อย,6,หมวดเทคโนโลยีสารสนเทศ
681,ตรงสนามหญ้าหน้าคณะมีสภาพ ถังขยะเต็ม รบกวนดูแลด้วย,0,หมวดภูมิทัศน์และความสะอาด
132,แอดมินครับ ของหาย ต้องติดต่อที่ส่วนไหนครับ,4,หมวดบริการทั่วไป / อื่นๆ
1112,ตรงสนามหญ้าหน้าคณะมีสภาพ ขยะล้น รบกวนดูแลด้วย,0,หมวดภูมิทัศน์และความสะอาด
394,แอดมินครับ รถมอเตอร์ไซค์ ต้องติดต่อที่ส่วนไหนครับ,5,หมวดการเดินทางและระบบขนส่ง
844,แอดมินครับ รถไม่มา ต้องติดต่อที่ส่วนไหนครับ,5,หมวดการเดินทางและระบบขนส่ง
531,ขออนุญาตสอบถามเรื่อง ตารางเรียน ของเทอมนี้ครับ,3,หมวดการเรียนการสอนและวิชาการ
127,แจ้งเรื่องครับ พอดีเจอว่า ลิฟต์ ที่ตึกวิทย์,1,หมวดอาคารและสิ่งอำนวยความสะดวก
1342,มีปัญหาเรื่อง ไวไฟเข้าไม่ได้ ครับ ช่วยแก้ไขให้หน่อย,6,หมวดเทคโนโลยีสารสนเทศ
205,แอดมินครับ หมวกกันน็อกหาย ต้องติดต่อที่ส่วนไหนครับ,4,หมวดบริการทั่วไป / อื่นๆ
449,ตรงสนามหญ้าหน้าคณะมีสภาพ ไม่ทำความสะอาด รบกวนดูแลด้วย,0,หมวดภูมิทัศน์และความสะอาด
41,รบกวนตรวจสอบบริเวณประตู 2 มีปัญหา ทางมืด ครับ,2,หมวดความปลอดภัยและจราจร
544,ขออนุญาตสอบถามเรื่อง ติดต่ออาจารย์ ของเทอมนี้ครับ,3,หมวดการเรียนการสอนและวิชาการ
1079,ขออนุญาตสอบถามเรื่อง อาจารย์ ของเทอมนี้ครับ,3,หมวดการเรียนการสอนและวิชาการ
1416,ขออนุญาตสอบถามเรื่อง วิชา ของเทอมนี้ครับ,3,หมวดการเรียนการสอนและวิชาการ
498,รบกวนตรวจสอบบริเวณประตู 2 มีปัญหา ทางมืด ครับ,2,หมวดความปลอดภัยและจราจร
339,มีปัญหาเรื่อง ระบบล่ม ครับ ช่วยแก้ไขให้หน่อย,6,หมวดเทคโนโลยีสารสนเทศ
390,แอดมินครับ รถมอ ต้องติดต่อที่ส่วนไหนครับ,5,หมวดการเดินทางและระบบขนส่ง
956,ขออนุญาตสอบถามเรื่อง วิชา ของเทอมนี้ครับ,3,หมวดการเรียนการสอนและวิชาการ
141,แอดมินครับ สายรถ ต้องติดต่อที่ส่วนไหนครับ,5,หมวดการเดินทางและระบบขนส่ง
270,ตรงสนามหญ้าหน้าคณะมีสภาพ ขยะล้น รบกวนดูแลด้วย,0,หมวดภูมิทัศน์และความสะอาด
108,แอดมินครับ ของหาย ต้องติดต่อที่ส่วนไหนครับ,4,หมวดบริการทั่วไป / อื่นๆ
1240,รบกวนตรวจสอบบริเวณประตู 2 มีปัญหา รปภ ครับ,2,หมวดความปลอดภัยและจราจร
1472,แอดมินครับ รถมอ ต้องติดต่อที่ส่วนไหนครับ,5,หมวดการเดินทางและระบบขนส่ง
628,แอดมินครับ หมวกกันน็อกหาย ต้องติดต่อที่ส่วนไหนครับ,4,หมวดบริการทั่วไป / อื่นๆ
924,แอดมินครับ หมวกกันน็อกหาย ต้องติดต่อที่ส่วนไหนครับ,4,หมวดบริการทั่วไป / อื่นๆ
379,แอดมินครับ รถเมล์ติด ต้องติดต่อที่ส่วนไหนครับ,5,หมวดการเดินทางและระบบขนส่ง
1485,แจ้งเรื่องครับ พอดีเจอว่า ประปา ที่ตึกวิทย์,1,หมวดอาคารและสิ่งอำนวยความสะดวก
897,แอดมินครับ ทุนการศึกษา ต้องติดต่อที่ส่วนไหนครับ,4,หมวดบริการทั่วไป / อื่นๆ
118,มีปัญหาเรื่อง ลงทะเบียนไม่ได้ ครับ ช่วยแก้ไขให้หน่อย,6,หมวดเทคโนโลยีสารสนเทศ
1167,ตรงสนามหญ้าหน้าคณะมีสภาพ เหม็น รบกวนดูแลด้วย,0,หมวดภูมิทัศน์และความสะอาด
195,ตรงสนามหญ้าหน้าคณะมีสภาพ ทำความสะอาด รบกวนดูแลด้วย,0,หมวดภูมิทัศน์และความสะอาด
1471,แจ้งเรื่องครับ พอดีเจอว่า ไฟดับ ที่ตึกวิทย์,1,หมวดอาคารและสิ่งอำนวยความสะดวก
1178,แอดมินครับ รถเมล์ ต้องติดต่อที่ส่วนไหนครับ,5,หมวดการเดินทางและระบบขนส่ง
100,รบกวนตรวจสอบบริเวณประตู 2 มีปัญหา รถติด ครับ,2,หมวดความปลอดภัยและจราจร
208,มีปัญหาเรื่อง ระบบ ครับ ช่วยแก้ไขให้หน่อย,6,หมวดเทคโนโลยีสารสนเทศ
692,แอดมินครับ รถเสีย ต้องติดต่อที่ส่วนไหนครับ,5,หมวดการเดินทางและระบบขนส่ง
784,ตรงสนามหญ้าหน้าคณะมีสภาพ ทำความสะอาด รบกวนดูแลด้วย,0,หมวดภูมิทัศน์และความสะอาด
1477,แจ้งเรื่องครับ พอดีเจอว่า แอร์ไม่เย็น ที่ตึกวิทย์,1,หมวดอาคารและสิ่งอำนวยความสะดวก
1172,ตรงสนามหญ้าหน้าคณะมีสภาพ กิ่งไม้หัก รบกวนดูแลด้วย,0,หมวดภูมิทัศน์และความสะอาด
569,รบกวนตรวจสอบบริเวณประตู 2 มีปัญหา หมวกกันน็อคหาย ครับ,2,หมวดความปลอดภัยและจราจร
143,ขออนุญาตสอบถามเรื่อง หน่วยกิต ของเทอมนี้ครับ,3,หมวดการเรียนการสอนและวิชาการ
1287,มีปัญหาเรื่อง หลุดบ่อย ครับ ช่วยแก้ไขให้หน่อย,6,หมวดเทคโนโลยีสารสนเทศ
657,แอดมินครับ ไม่จอดรับ ต้องติดต่อที่ส่วนไหนครับ,5,หมวดการเดินทางและระบบขนส่ง
1098,ตรงสนามหญ้าหน้าคณะมีสภาพ หญ้ารก รบกวนดูแลด้วย,0,หมวดภูมิทัศน์และความสะอาด
1332,แจ้งเรื่องครับ พอดีเจอว่า ลิฟต์ ที่ตึกวิทย์,1,หมวดอาคารและสิ่งอำนวยความสะดวก
133,มีปัญหาเรื่อง ไวไฟเข้าไม่ได้ ครับ ช่วยแก้ไขให้หน่อย,6,หมวดเทคโนโลยีสารสนเทศ
300,แอดมินครับ กิจกรรม ต้องติดต่อที่ส่วนไหนครับ,4,หมวดบริการทั่วไป / อื่นๆ
435,ตรงสนามหญ้าหน้าคณะมีสภาพ กิ่งไม้หัก รบกวนดูแลด้วย,0,หมวดภูมิทัศน์และความสะอาด
620,ขออนุญาตสอบถามเรื่อง อาจารย์ ของเทอมนี้ครับ,3,หมวดการเรียนการสอนและวิชาการ
1176,มีปัญหาเรื่อง ไวไฟเข้าไม่ได้ ครับ ช่วยแก้ไขให้หน่อย,6,หมวดเทคโนโลยีสารสนเทศ
935,แอดมินครับ ตามหาของ ต้องติดต่อที่ส่วนไหนครับ,4,หมวดบริการทั่วไป / อื่นๆ
13,แอดมินครับ กิจกรรม ต้องติดต่อที่ส่วนไหนครับ,4,หมวดบริการทั่วไป / อื่นๆ
857,แจ้งเรื่องครับ พอดีเจอว่า ประปา ที่ตึกวิทย์,1,หมวดอาคารและสิ่งอำนวยความสะดวก
1255,แจ้งเรื่องครับ พอดีเจอว่า ประปา ที่ตึกวิทย์,1,หมวดอาคารและสิ่งอำนวยความสะดวก
1482,มีปัญหาเรื่อง เน็ตช้า ครับ ช่วยแก้ไขให้หน่อย,6,หมวดเทคโนโลยีสารสนเทศ
908,ตรงสนามหญ้าหน้าคณะมีสภาพ หมาจรจัด รบกวนดูแลด้วย,0,หมวดภูมิทัศน์และความสะอาด
1224,มีปัญหาเรื่อง ลงทะเบียนไม่ได้ ครับ ช่วยแก้ไขให้หน่อย,6,หมวดเทคโนโลยีสารสนเทศ
996,รบกวนตรวจสอบบริเวณประตู 2 มีปัญหา รปภ. ครับ,2,หมวดความปลอดภัยและจราจร
1338,ขออนุญาตสอบถามเรื่อง ตารางเรียน ของเทอมนี้ครับ,3,หมวดการเรียนการสอนและวิชาการ
1354,มีปัญหาเรื่อง ลืมรหัสผ่าน ครับ ช่วยแก้ไขให้หน่อย,6,หมวดเทคโนโลยีสารสนเทศ
1205,ตรงสนามหญ้าหน้าคณะมีสภาพ เหม็น รบกวนดูแลด้วย,0,หมวดภูมิทัศน์และความสะอาด
40,มีปัญหาเรื่อง เน็ตหลุด ครับ ช่วยแก้ไขให้หน่อย,6,หมวดเทคโนโลยีสารสนเทศ
341,ขออนุญาตสอบถามเรื่อง ขอสอบชดเชย ของเทอมนี้ครับ,3,หมวดการเรียนการสอนและวิชาการ
219,ขออนุญาตสอบถามเรื่อง ตารางเรียน ของเทอมนี้ครับ,3,หมวดการเรียนการสอนและวิชาการ
438,ตรงสนามหญ้าหน้าคณะมีสภาพ กิ่งไม้หัก รบกวนดูแลด้วย,0,หมวดภูมิทัศน์และความสะอาด
472,แจ้งเรื่องครับ พอดีเจอว่า ประตูพัง ที่ตึกวิทย์,1,หมวดอาคารและสิ่งอำนวยความสะดวก
972,ตรงสนามหญ้าหน้าคณะมีสภาพ เหม็น รบกวนดูแลด้วย,0,หมวดภูมิทัศน์และความสะอาด
718,ตรงสนามหญ้าหน้าคณะมีสภาพ หมาจรจัด รบกวนดูแลด้วย,0,หมวดภูมิทัศน์และความสะอาด
661,ขออนุญาตสอบถามเรื่อง วิชา ของเทอมนี้ครับ,3,หมวดการเรียนการสอนและวิชาการ
891,แอดมินครับ ของหาย ต้องติดต่อที่ส่วนไหนครับ,4,หมวดบริการทั่วไป / อื่นๆ
202,แอดมินครับ หมวกกันน็อกหาย ต้องติดต่อที่ส่วนไหนครับ,4,หมวดบริการทั่วไป / อื่นๆ
1179,ขออนุญาตสอบถามเรื่อง วิชา ของเทอมนี้ครับ,3,หมวดการเรียนการสอนและวิชาการ
136,แจ้งเรื่องครับ พอดีเจอว่า ชำรุด ที่ตึกวิทย์,1,หมวดอาคารและสิ่งอำนวยความสะดวก
177,มีปัญหาเรื่อง ลืมรหัสผ่าน ครับ ช่วยแก้ไขให้หน่อย,6,หมวดเทคโนโลยีสารสนเทศ
43,แอดมินครับ รถเมล์ติด ต้องติดต่อที่ส่วนไหนครับ,5,หมวดการเดินทางและระบบขนส่ง
57,ตรงสนามหญ้าหน้าคณะมีสภาพ หมาจรจัด รบกวนดูแลด้วย,0,หมวดภูมิทัศน์และความสะอาด
166,ขออนุญาตสอบถามเรื่อง วันสอบ ของเทอมนี้ครับ,3,หมวดการเรียนการสอนและวิชาการ
1131,ขออนุญาตสอบถามเรื่อง วิชา ของเทอมนี้ครับ,3,หมวดการเรียนการสอนและวิชาการ
302,ตรงสนามหญ้าหน้าคณะมีสภาพ ทำความสะอาด รบกวนดูแลด้วย,0,หมวดภูมิทัศน์และความสะอาด
1345,แอดมินครับ รถติด ต้องติดต่อที่ส่วนไหนครับ,5,หมวดการเดินทางและระบบขนส่ง
392,แจ้งเรื่องครับ พอดีเจอว่า หลังคารั่ว ที่ตึกวิทย์,1,หมวดอาคารและสิ่งอำนวยความสะดวก
10,แอดมินครับ สายรถ ต้องติดต่อที่ส่วนไหนครับ,5,หมวดการเดินทางและระบบขนส่ง
588,ตรงสนามหญ้าหน้าคณะมีสภาพ หญ้ารก รบกวนดูแลด้วย,0,หมวดภูมิทัศน์และความสะอาด
1117,แอดมินครับ รถเมล์ติด ต้องติดต่อที่ส่วนไหนครับ,5,หมวดการเดินทางและระบบขนส่ง
1487,แจ้งเรื่องครับ พอดีเจอว่า หลังคารั่ว ที่ตึกวิทย์,1,หมวดอาคารและสิ่งอำนวยความสะดวก
648,มีปัญหาเรื่อง เน็ตช้า ครับ ช่วยแก้ไขให้หน่อย,6,หมวดเทคโนโลยีสารสนเทศ
785,แอดมินครับ ทุนการศึกษา ต้องติดต่อที่ส่วนไหนครับ,4,หมวดบริการทั่วไป / อื่นๆ
424,แจ้งเรื่องครับ พอดีเจอว่า ไฟดับ ที่ตึกวิทย์,1,หมวดอาคารและสิ่งอำนวยความสะดวก
886,รบกวนตรวจสอบบริเวณประตู 2 มีปัญหา เปลี่ยว ครับ,2,หมวดความปลอดภัยและจราจร
160,มีปัญหาเรื่อง ระบบ ครับ ช่วยแก้ไขให้หน่อย,6,หมวดเทคโนโลยีสารสนเทศ
862,ตรงสนามหญ้าหน้าคณะมีสภาพ ทำความสะอาด รบกวนดูแลด้วย,0,หมวดภูมิทัศน์และความสะอาด
761,แจ้งเรื่องครับ พอดีเจอว่า ประตูพัง ที่ตึกวิทย์,1,หมวดอาคารและสิ่งอำนวยความสะดวก
683,แอดมินครับ ตามหาของ ต้องติดต่อที่ส่วนไหนครับ,4,หมวดบริการทั่วไป / อื่นๆ
1001,แอดมินครับ อยากทราบว่า ต้องติดต่อที่ส่วนไหนครับ,4,หมวดบริการทั่วไป / อื่นๆ
217,มีปัญหาเรื่อง ลืมรหัสผ่าน ครับ ช่วยแก้ไขให้หน่อย,6,หมวดเทคโนโลยีสารสนเทศ
1073,แจ้งเรื่องครับ พอดีเจอว่า ประตูพัง ที่ตึกวิทย์,1,หมวดอาคารและสิ่งอำนวยความสะดวก
200,แอดมินครับ รอนาน ต้องติดต่อที่ส่วนไหนครับ,5,หมวดการเดินทางและระบบขนส่ง
331,ขออนุญาตสอบถามเรื่อง วันสอบ ของเทอมนี้ครับ,3,หมวดการเรียนการสอนและวิชาการ
1061,ขออนุญาตสอบถามเรื่อง วันสอบ ของเทอมนี้ครับ,3,หมวดการเรียนการสอนและวิชาการ
58,แจ้งเรื่องครับ พอดีเจอว่า ประปา ที่ตึกวิทย์,1,หมวดอาคารและสิ่งอำนวยความสะดวก
304,แอดมินครับ รถเมล์เสีย ต้องติดต่อที่ส่วนไหนครับ,5,หมวดการเดินทางและระบบขนส่ง
1448,ขออนุญาตสอบถามเรื่อง ตารางเรียน ของเทอมนี้ครับ,3,หมวดการเรียนการสอนและวิชาการ
1071,แอดมินครับ รถติด ต้องติดต่อที่ส่วนไหนครับ,5,หมวดการเดินทางและระบบขนส่ง
378,แจ้งเรื่องครับ พอดีเจอว่า พัง ที่ตึกวิทย์,1,หมวดอาคารและสิ่งอำนวยความสะดวก
1059,ขออนุญาตสอบถามเรื่อง ดรอปเรียน ของเทอมนี้ครับ,3,หมวดการเรียนการสอนและวิชาการ
207,รบกวนตรวจสอบบริเวณประตู 2 มีปัญหา หมวกกันน็อคหาย ครับ,2,หมวดความปลอดภัยและจราจร
1092,แอดมินครับ ทุนการศึกษา ต้องติดต่อที่ส่วนไหนครับ,4,หมวดบริการทั่วไป / อื่นๆ
1481,แอดมินครับ ไม่จอดรับ ต้องติดต่อที่ส่วนไหนครับ,5,หมวดการเดินทางและระบบขนส่ง
1263,ขออนุญาตสอบถามเรื่อง ดรอปเรียน ของเทอมนี้ครับ,3,หมวดการเรียนการสอนและวิชาการ
1141,รบกวนตรวจสอบบริเวณประตู 2 มีปัญหา ของหาย ครับ,2,หมวดความปลอดภัยและจราจร
327,แอดมินครับ ไม่จอดรับ ต้องติดต่อที่ส่วนไหนครับ,5,หมวดการเดินทางและระบบขนส่ง
1083,แอดมินครับ สอบถามหน่อยครับ ต้องติดต่อที่ส่วนไหนครับ,4,หมวดบริการทั่วไป / อื่นๆ
954,มีปัญหาเรื่อง เข้าเว็บไม่ได้ ครับ ช่วยแก้ไขให้หน่อย,6,หมวดเทคโนโลยีสารสนเทศ
831,แอดมินครับ สายรถ ต้องติดต่อที่ส่วนไหนครับ,5,หมวดการเดินทางและระบบขนส่ง
903,รบกวนตรวจสอบบริเวณประตู 2 มีปัญหา รปภ ครับ,2,หมวดความปลอดภัยและจราจร
12,แจ้งเรื่องครับ พอดีเจอว่า แอร์ ที่ตึกวิทย์,1,หมวดอาคารและสิ่งอำนวยความสะดวก
134,แอดมินครับ รถเมล์สาย ต้องติดต่อที่ส่วนไหนครับ,5,หมวดการเดินทางและระบบขนส่ง
1293,แอดมินครับ รถเมล์เต็ม ต้องติดต่อที่ส่วนไหนครับ,5,หมวดการเดินทางและระบบขนส่ง
324,แอดมินครับ ทุนการศึกษา ต้องติดต่อที่ส่วนไหนครับ,4,หมวดบริการทั่วไป / อื่นๆ
749,แอดมินครับ อยากทราบว่า ต้องติดต่อที่ส่วนไหนครับ,4,หมวดบริการทั่วไป / อื่นๆ
539,แจ้งเรื่องครับ พอดีเจอว่า ลิฟต์ค้าง ที่ตึกวิทย์,1,หมวดอาคารและสิ่งอำนวยความสะดวก
249,ขออนุญาตสอบถามเรื่อง วันสอบ ของเทอมนี้ครับ,3,หมวดการเรียนการสอนและวิชาการ
1005,แจ้งเรื่องครับ พอดีเจอว่า แอร์ไม่เย็น ที่ตึกวิทย์,1,หมวดอาคารและสิ่งอำนวยความสะดวก
244,แอดมินครับ อยากทราบว่า ต้องติดต่อที่ส่วนไหนครับ,4,หมวดบริการทั่วไป / อื่นๆ
1463,ตรงสนามหญ้าหน้าคณะมีสภาพ ขยะล้น รบกวนดูแลด้วย,0,หมวดภูมิทัศน์และความสะอาด
431,แจ้งเรื่องครับ พอดีเจอว่า ชำรุด ที่ตึกวิทย์,1,หมวดอาคารและสิ่งอำนวยความสะดวก
987,ขออนุญาตสอบถามเรื่อง ติดต่ออาจารย์ ของเทอมนี้ครับ,3,หมวดการเรียนการสอนและวิชาการ
87,แจ้งเรื่องครับ พอดีเจอว่า หลังคารั่ว ที่ตึกวิทย์,1,หมวดอาคารและสิ่งอำนวยความสะดวก
227,ตรงสนามหญ้าหน้าคณะมีสภาพ หญ้ารก รบกวนดูแลด้วย,0,หมวดภูมิทัศน์และความสะอาด
14,แอดมินครับ รถเต็ม ต้องติดต่อที่ส่วนไหนครับ,5,หมวดการเดินทางและระบบขนส่ง
1384,ขออนุญาตสอบถามเรื่อง ดรอปเรียน ของเทอมนี้ครับ,3,หมวดการเรียนการสอนและวิชาการ
263,แจ้งเรื่องครับ พอดีเจอว่า ไฟดับ ที่ตึกวิทย์,1,หมวดอาคารและสิ่งอำนวยความสะดวก
418,แอดมินครับ ลืมของ ต้องติดต่อที่ส่วนไหนครับ,4,หมวดบริการทั่วไป / อื่นๆ
868,แอดมินครับ อยากทราบว่า ต้องติดต่อที่ส่วนไหนครับ,4,หมวดบริการทั่วไป / อื่นๆ
1046,รบกวนตรวจสอบบริเวณประตู 2 มีปัญหา หมวกกันน็อคหาย ครับ,2,หมวดความปลอดภัยและจราจร
922,แอดมินครับ รถเมล์ติด ต้องติดต่อที่ส่วนไหนครับ,5,หมวดการเดินทางและระบบขนส่ง
1232,รบกวนตรวจสอบบริเวณประตู 2 มีปัญหา รถชน ครับ,2,หมวดความปลอดภัยและจราจร
788,ตรงสนามหญ้าหน้าคณะมีสภาพ หมาจรจัด รบกวนดูแลด้วย,0,หมวดภูมิทัศน์และความสะอาด
422,แอดมินครับ รถเสีย ต้องติดต่อที่ส่วนไหนครับ,5,หมวดการเดินทางและระบบขนส่ง
685,ตรงสนามหญ้าหน้าคณะมีสภาพ ทำความสะอาด รบกวนดูแลด้วย,0,หมวดภูมิทัศน์และความสะอาด
187,มีปัญหาเรื่อง หลุดบ่อย ครับ ช่วยแก้ไขให้หน่อย,6,หมวดเทคโนโลยีสารสนเทศ
1119,ตรงสนามหญ้าหน้าคณะมีสภาพ หญ้ารก รบกวนดูแลด้วย,0,หมวดภูมิทัศน์และความสะอาด
193,มีปัญหาเรื่อง หลุดบ่อย ครับ ช่วยแก้ไขให้หน่อย,6,หมวดเทคโนโลยีสารสนเทศ
165,แอดมินครับ รถไม่มา ต้องติดต่อที่ส่วนไหนครับ,5,หมวดการเดินทางและระบบขนส่ง
1340,มีปัญหาเรื่อง ไวไฟเข้าไม่ได้ ครับ ช่วยแก้ไขให้หน่อย,6,หมวดเทคโนโลยีสารสนเทศ
1203,แจ้งเรื่องครับ พอดีเจอว่า ชำรุด ที่ตึกวิทย์,1,หมวดอาคารและสิ่งอำนวยความสะดวก
937,มีปัญหาเรื่อง เข้าเว็บไม่ได้ ครับ ช่วยแก้ไขให้หน่อย,6,หมวดเทคโนโลยีสารสนเทศ
660,มีปัญหาเรื่อง ระบบ ครับ ช่วยแก้ไขให้หน่อย,6,หมวดเทคโนโลยีสารสนเทศ
1107,แอดมินครับ ตามหาของ ต้องติดต่อที่ส่วนไหนครับ,4,หมวดบริการทั่วไป / อื่นๆ
1025,รบกวนตรวจสอบบริเวณประตู 2 มีปัญหา รถติด ครับ,2,หมวดความปลอดภัยและจราจร
576,ตรงสนามหญ้าหน้าคณะมีสภาพ ขยะล้น รบกวนดูแลด้วย,0,หมวดภูมิทัศน์และความสะอาด
614,แอดมินครับ รถเมล์สาย ต้องติดต่อที่ส่วนไหนครับ,5,หมวดการเดินทางและระบบขนส่ง
1376,แอดมินครับ ขอคำแนะนำ ต้องติดต่อที่ส่วนไหนครับ,4,หมวดบริการทั่วไป / อื่นๆ
911,มีปัญหาเรื่อง เน็ตช้า ครับ ช่วยแก้ไขให้หน่อย,6,หมวดเทคโนโลยีสารสนเทศ
881,แอดมินครับ ลืมของ ต้องติดต่อที่ส่วนไหนครับ,4,หมวดบริการทั่วไป / อื่นๆ
439,แอดมินครับ รถเมล์ไม่มา ต้องติดต่อที่ส่วนไหนครับ,5,หมวดการเดินทางและระบบขนส่ง
1500,แอดมินครับ กิจกรรม ต้องติดต่อที่ส่วนไหนครับ,4,หมวดบริการทั่วไป / อื่นๆ
1234,แจ้งเรื่องครับ พอดีเจอว่า แอร์ไม่เย็น ที่ตึกวิทย์,1,หมวดอาคารและสิ่งอำนวยความสะดวก
318,ขออนุญาตสอบถามเรื่อง ขอสอบชดเชย ของเทอมนี้ครับ,3,หมวดการเรียนการสอนและวิชาการ
164,ขออนุญาตสอบถามเรื่อง หน่วยกิต ของเทอมนี้ครับ,3,หมวดการเรียนการสอนและวิชาการ
1034,แอดมินครับ กิจกรรม ต้องติดต่อที่ส่วนไหนครับ,4,หมวดบริการทั่วไป / อื่นๆ
578,ขออนุญาตสอบถามเรื่อง ดรอปเรียน ของเทอมนี้ครับ,3,หมวดการเรียนการสอนและวิชาการ
196,ขออนุญาตสอบถามเรื่อง ขอสอบชดเชย ของเทอมนี้ครับ,3,หมวดการเรียนการสอนและวิชาการ
1405,รบกวนตรวจสอบบริเวณประตู 2 มีปัญหา เปลี่ยว ครับ,2,หมวดความปลอดภัยและจราจร
1220,รบกวนตรวจสอบบริเวณประตู 2 มีปัญหา รถชน ครับ,2,หมวดความปลอดภัยและจราจร
1362,ขออนุญาตสอบถามเรื่อง ดรอปเรียน ของเทอมนี้ครับ,3,หมวดการเรียนการสอนและวิชาการ
786,รบกวนตรวจสอบบริเวณประตู 2 มีปัญหา ขโมย ครับ,2,หมวดความปลอดภัยและจราจร
85,ขออนุญาตสอบถามเรื่อง ดรอปเรียน ของเทอมนี้ครับ,3,หมวดการเรียนการสอนและวิชาการ
1100,แจ้งเรื่องครับ พอดีเจอว่า ประปา ที่ตึกวิทย์,1,หมวดอาคารและสิ่งอำนวยความสะดวก
322,ขออนุญาตสอบถามเรื่อง ดรอปเรียน ของเทอมนี้ครับ,3,หมวดการเรียนการสอนและวิชาการ
45,แจ้งเรื่องครับ พอดีเจอว่า หลังคารั่ว ที่ตึกวิทย์,1,หมวดอาคารและสิ่งอำนวยความสะดวก
934,ตรงสนามหญ้าหน้าคณะมีสภาพ ถังขยะเต็ม รบกวนดูแลด้วย,0,หมวดภูมิทัศน์และความสะอาด
79,ตรงสนามหญ้าหน้าคณะมีสภาพ กิ่งไม้หัก รบกวนดูแลด้วย,0,หมวดภูมิทัศน์และความสะอาด
532,แจ้งเรื่องครับ พอดีเจอว่า ชำรุด ที่ตึกวิทย์,1,หมวดอาคารและสิ่งอำนวยความสะดวก
575,รบกวนตรวจสอบบริเวณประตู 2 มีปัญหา จอดรถขวาง ครับ,2,หมวดความปลอดภัยและจราจร
282,แอดมินครับ กิจกรรม ต้องติดต่อที่ส่วนไหนครับ,4,หมวดบริการทั่วไป / อื่นๆ
8,ขออนุญาตสอบถามเรื่อง ติดต่ออาจารย์ ของเทอมนี้ครับ,3,หมวดการเรียนการสอนและวิชาการ
1099,แอดมินครับ อยากทราบว่า ต้องติดต่อที่ส่วนไหนครับ,4,หมวดบริการทั่วไป / อื่นๆ
755,ตรงสนามหญ้าหน้าคณะมีสภาพ เหม็น รบกวนดูแลด้วย,0,หมวดภูมิทัศน์และความสะอาด
65,มีปัญหาเรื่อง หลุดบ่อย ครับ ช่วยแก้ไขให้หน่อย,6,หมวดเทคโนโลยีสารสนเทศ
558,แอดมินครับ รถมอ ต้องติดต่อที่ส่วนไหนครับ,5,หมวดการเดินทางและระบบขนส่ง
458,แอดมินครับ ไม่จอดรับ ต้องติดต่อที่ส่วนไหนครับ,5,หมวดการเดินทางและระบบขนส่ง
406,ตรงสนามหญ้าหน้าคณะมีสภาพ ไม่ทำความสะอาด รบกวนดูแลด้วย,0,หมวดภูมิทัศน์และความสะอาด
1403,แจ้งเรื่องครับ พอดีเจอว่า ประตูพัง ที่ตึกวิทย์,1,หมวดอาคารและสิ่งอำนวยความสะดวก
159,แจ้งเรื่องครับ พอดีเจอว่า หลอดไฟขาด ที่ตึกวิทย์,1,หมวดอาคารและสิ่งอำนวยความสะดวก
1033,มีปัญหาเรื่อง ระบบ ครับ ช่วยแก้ไขให้หน่อย,6,หมวดเทคโนโลยีสารสนเทศ
775,แอดมินครับ รถมอเตอร์ไซค์ ต้องติดต่อที่ส่วนไหนครับ,5,หมวดการเดินทางและระบบขนส่ง
570,แอดมินครับ กิจกรรม ต้องติดต่อที่ส่วนไหนครับ,4,หมวดบริการทั่วไป / อื่นๆ
437,มีปัญหาเรื่อง เน็ตหลุด ครับ ช่วยแก้ไขให้หน่อย,6,หมวดเทคโนโลยีสารสนเทศ
251,แอดมินครับ อยากทราบว่า ต้องติดต่อที่ส่วนไหนครับ,4,หมวดบริการทั่วไป / อื่นๆ
344,ตรงสนามหญ้าหน้าคณะมีสภาพ ต้นไม้ล้ม รบกวนดูแลด้วย,0,หมวดภูมิทัศน์และความสะอาด
36,แจ้งเรื่องครับ พอดีเจอว่า ประปา ที่ตึกวิทย์,1,หมวดอาคารและสิ่งอำนวยความสะดวก
851,รบกวนตรวจสอบบริเวณประตู 2 มีปัญหา ไม่มีไฟกิ่ง ครับ,2,หมวดความปลอดภัยและจราจร
1125,ขออนุญาตสอบถามเรื่อง หน่วยกิต ของเทอมนี้ครับ,3,หมวดการเรียนการสอนและวิชาการ
1269,แอดมินครับ รถไม่มา ต้องติดต่อที่ส่วนไหนครับ,5,หมวดการเดินทางและระบบขนส่ง
556,ตรงสนามหญ้าหน้าคณะมีสภาพ ขยะล้น รบกวนดูแลด้วย,0,หมวดภูมิทัศน์และความสะอาด
313,ตรงสนามหญ้าหน้าคณะมีสภาพ หมาจรจัด รบกวนดูแลด้วย,0,หมวดภูมิทัศน์และความสะอาด
906,แจ้งเรื่องครับ พอดีเจอว่า น้ำไม่ไหล ที่ตึกวิทย์,1,หมวดอาคารและสิ่งอำนวยความสะดวก
982,ตรงสนามหญ้าหน้าคณะมีสภาพ ต้นไม้ล้ม รบกวนดูแลด้วย,0,หมวดภูมิทัศน์และความสะอาด
832,แอดมินครับ รถเมล์เต็ม ต้องติดต่อที่ส่วนไหนครับ,5,หมวดการเดินทางและระบบขนส่ง
783,มีปัญหาเรื่อง ระบบ ครับ ช่วยแก้ไขให้หน่อย,6,หมวดเทคโนโลยีสารสนเทศ
396,แอดมินครับ ทุนการศึกษา ต้องติดต่อที่ส่วนไหนครับ,4,หมวดบริการทั่วไป / อื่นๆ
1247,แอดมินครับ รถเมล์ติด ต้องติดต่อที่ส่วนไหนครับ,5,หมวดการเดินทางและระบบขนส่ง
420,แจ้งเรื่องครับ พอดีเจอว่า น้ำไม่ไหล ที่ตึกวิทย์,1,หมวดอาคารและสิ่งอำนวยความสะดวก
478,มีปัญหาเรื่อง เน็ตหลุด ครับ ช่วยแก้ไขให้หน่อย,6,หมวดเทคโนโลยีสารสนเทศ
585,แอดมินครับ รถเมล์เสีย ต้องติดต่อที่ส่วนไหนครับ,5,หมวดการเดินทางและระบบขนส่ง
1278,รบกวนตรวจสอบบริเวณประตู 2 มีปัญหา รถติด ครับ,2,หมวดความปลอดภัยและจราจร
542,ตรงสนามหญ้าหน้าคณะมีสภาพ ทำความสะอาด รบกวนดูแลด้วย,0,หมวดภูมิทัศน์และความสะอาด
1392,แอดมินครับ คิวรถ ต้องติดต่อที่ส่วนไหนครับ,5,หมวดการเดินทางและระบบขนส่ง
997,แจ้งเรื่องครับ พอดีเจอว่า ประปา ที่ตึกวิทย์,1,หมวดอาคารและสิ่งอำนวยความสะดวก
656,รบกวนตรวจสอบบริเวณประตู 2 มีปัญหา ขโมย ครับ,2,หมวดความปลอดภัยและจราจร
641,ขออนุญาตสอบถามเรื่อง เกรด ของเทอมนี้ครับ,3,หมวดการเรียนการสอนและวิชาการ
259,แอดมินครับ หมวกกันน็อคหาย ต้องติดต่อที่ส่วนไหนครับ,4,หมวดบริการทั่วไป / อื่นๆ
1380,แอดมินครับ รอรถ ต้องติดต่อที่ส่วนไหนครับ,5,หมวดการเดินทางและระบบขนส่ง
1123,แอดมินครับ ไม่จอดรับ ต้องติดต่อที่ส่วนไหนครับ,5,หมวดการเดินทางและระบบขนส่ง
704,แจ้งเรื่องครับ พอดีเจอว่า แอร์ ที่ตึกวิทย์,1,หมวดอาคารและสิ่งอำนวยความสะดวก
457,ตรงสนามหญ้าหน้าคณะมีสภาพ เหม็น รบกวนดูแลด้วย,0,หมวดภูมิทัศน์และความสะอาด
281,ตรงสนามหญ้าหน้าคณะมีสภาพ หมาจรจัด รบกวนดูแลด้วย,0,หมวดภูมิทัศน์และความสะอาด
1387,มีปัญหาเรื่อง ลงทะเบียนไม่ได้ ครับ ช่วยแก้ไขให้หน่อย,6,หมวดเทคโนโลยีสารสนเทศ
289,แจ้งเรื่องครับ พอดีเจอว่า ลิฟต์ค้าง ที่ตึกวิทย์,1,หมวดอาคารและสิ่งอำนวยความสะดวก
385,แอดมินครับ ของหาย ต้องติดต่อที่ส่วนไหนครับ,4,หมวดบริการทั่วไป / อื่นๆ
782,แอดมินครับ รถเมล์มอ ต้องติดต่อที่ส่วนไหนครับ,5,หมวดการเดินทางและระบบขนส่ง
101,มีปัญหาเรื่อง ลืมรหัสผ่าน ครับ ช่วยแก้ไขให้หน่อย,6,หมวดเทคโนโลยีสารสนเทศ
373,รบกวนตรวจสอบบริเวณประตู 2 มีปัญหา รถชน ครับ,2,หมวดความปลอดภัยและจราจร
315,มีปัญหาเรื่อง ระบบล่ม ครับ ช่วยแก้ไขให้หน่อย,6,หมวดเทคโนโลยีสารสนเทศ
1252,รบกวนตรวจสอบบริเวณประตู 2 มีปัญหา รถชน ครับ,2,หมวดความปลอดภัยและจราจร
691,มีปัญหาเรื่อง เข้าเว็บไม่ได้ ครับ ช่วยแก้ไขให้หน่อย,6,หมวดเทคโนโลยีสารสนเทศ
1163,ตรงสนามหญ้าหน้าคณะมีสภาพ ไม่ทำความสะอาด รบกวนดูแลด้วย,0,หมวดภูมิทัศน์และความสะอาด
703,แจ้งเรื่องครับ พอดีเจอว่า ชำรุด ที่ตึกวิทย์,1,หมวดอาคารและสิ่งอำนวยความสะดวก
669,แอดมินครับ รถเมล์สาย ต้องติดต่อที่ส่วนไหนครับ,5,หมวดการเดินทางและระบบขนส่ง
863,แอดมินครับ หมวกกันน็อกหาย ต้องติดต่อที่ส่วนไหนครับ,4,หมวดบริการทั่วไป / อื่นๆ
412,แจ้งเรื่องครับ พอดีเจอว่า หลังคารั่ว ที่ตึกวิทย์,1,หมวดอาคารและสิ่งอำนวยความสะดวก
283,แจ้งเรื่องครับ พอดีเจอว่า ลิฟต์ ที่ตึกวิทย์,1,หมวดอาคารและสิ่งอำนวยความสะดวก
772,แอดมินครับ รถไม่มา ต้องติดต่อที่ส่วนไหนครับ,5,หมวดการเดินทางและระบบขนส่ง
1341,แอดมินครับ รถเมล์ไม่มา ต้องติดต่อที่ส่วนไหนครับ,5,หมวดการเดินทางและระบบขนส่ง
1439,ขออนุญาตสอบถามเรื่อง วิชา ของเทอมนี้ครับ,3,หมวดการเรียนการสอนและวิชาการ
171,ตรงสนามหญ้าหน้าคณะมีสภาพ เหม็น รบกวนดูแลด้วย,0,หมวดภูมิทัศน์และความสะอาด
481,แจ้งเรื่องครับ พอดีเจอว่า ไฟดับ ที่ตึกวิทย์,1,หมวดอาคารและสิ่งอำนวยความสะดวก
54,ขออนุญาตสอบถามเรื่อง เกรด ของเทอมนี้ครับ,3,หมวดการเรียนการสอนและวิชาการ
721,แจ้งเรื่องครับ พอดีเจอว่า ลิฟต์ ที่ตึกวิทย์,1,หมวดอาคารและสิ่งอำนวยความสะดวก
329,แอดมินครับ รถเมล์ไม่มา ต้องติดต่อที่ส่วนไหนครับ,5,หมวดการเดินทางและระบบขนส่ง
5,แจ้งเรื่องครับ พอดีเจอว่า พัง ที่ตึกวิทย์,1,หมวดอาคารและสิ่งอำนวยความสะดวก
206,มีปัญหาเรื่อง เน็ตหลุด ครับ ช่วยแก้ไขให้หน่อย,6,หมวดเทคโนโลยีสารสนเทศ
1495,แอดมินครับ กิจกรรม ต้องติดต่อที่ส่วนไหนครับ,4,หมวดบริการทั่วไป / อื่นๆ
580,ขออนุญาตสอบถามเรื่อง อาจารย์ ของเทอมนี้ครับ,3,หมวดการเรียนการสอนและวิชาการ
1219,แอดมินครับ กิจกรรม ต้องติดต่อที่ส่วนไหนครับ,4,หมวดบริการทั่วไป / อื่นๆ
591,ขออนุญาตสอบถามเรื่อง อาจารย์ ของเทอมนี้ครับ,3,หมวดการเรียนการสอนและวิชาการ
627,มีปัญหาเรื่อง ลงทะเบียนไม่ได้ ครับ ช่วยแก้ไขให้หน่อย,6,หมวดเทคโนโลยีสารสนเทศ
93,ขออนุญาตสอบถามเรื่อง วิชา ของเทอมนี้ครับ,3,หมวดการเรียนการสอนและวิชาการ
361,ขออนุญาตสอบถามเรื่อง อาจารย์ ของเทอมนี้ครับ,3,หมวดการเรียนการสอนและวิชาการ
904,ตรงสนามหญ้าหน้าคณะมีสภาพ ทำความสะอาด รบกวนดูแลด้วย,0,หมวดภูมิทัศน์และความสะอาด
1478,แอดมินครับ รถเมล์ไม่มา ต้องติดต่อที่ส่วนไหนครับ,5,หมวดการเดินทางและระบบขนส่ง
408,ขออนุญาตสอบถามเรื่อง หน่วยกิต ของเทอมนี้ครับ,3,หมวดการเรียนการสอนและวิชาการ
506,ตรงสนามหญ้าหน้าคณะมีสภาพ สกปรก รบกวนดูแลด้วย,0,หมวดภูมิทัศน์และความสะอาด
1446,รบกวนตรวจสอบบริเวณประตู 2 มีปัญหา อันตราย ครับ,2,หมวดความปลอดภัยและจราจร
117,แอดมินครับ รถเมล์เสีย ต้องติดต่อที่ส่วนไหนครับ,5,หมวดการเดินทางและระบบขนส่ง
285,แจ้งเรื่องครับ พอดีเจอว่า หลังคารั่ว ที่ตึกวิทย์,1,หมวดอาคารและสิ่งอำนวยความสะดวก
389,ตรงสนามหญ้าหน้าคณะมีสภาพ กิ่งไม้หัก รบกวนดูแลด้วย,0,หมวดภูมิทัศน์และความสะอาด
500,แอดมินครับ อยากทราบว่า ต้องติดต่อที่ส่วนไหนครับ,4,หมวดบริการทั่วไป / อื่นๆ
209,แอดมินครับ รถเมล์มอ ต้องติดต่อที่ส่วนไหนครับ,5,หมวดการเดินทางและระบบขนส่ง
900,รบกวนตรวจสอบบริเวณประตู 2 มีปัญหา ขโมย ครับ,2,หมวดความปลอดภัยและจราจร
1210,ขออนุญาตสอบถามเรื่อง ดรอปเรียน ของเทอมนี้ครับ,3,หมวดการเรียนการสอนและวิชาการ
812,แจ้งเรื่องครับ พอดีเจอว่า ลิฟต์ค้าง ที่ตึกวิทย์,1,หมวดอาคารและสิ่งอำนวยความสะดวก
104,ขออนุญาตสอบถามเรื่อง อาจารย์ ของเทอมนี้ครับ,3,หมวดการเรียนการสอนและวิชาการ
1374,รบกวนตรวจสอบบริเวณประตู 2 มีปัญหา เปลี่ยว ครับ,2,หมวดความปลอดภัยและจราจร
1390,แอดมินครับ ขอคำแนะนำ ต้องติดต่อที่ส่วนไหนครับ,4,หมวดบริการทั่วไป / อื่นๆ
732,ขออนุญาตสอบถามเรื่อง วันสอบ ของเทอมนี้ครับ,3,หมวดการเรียนการสอนและวิชาการ
1369,ขออนุญาตสอบถามเรื่อง วิชา ของเทอมนี้ครับ,3,หมวดการเรียนการสอนและวิชาการ
895,ขออนุญาตสอบถามเรื่อง ดรอปเรียน ของเทอมนี้ครับ,3,หมวดการเรียนการสอนและวิชาการ
507,รบกวนตรวจสอบบริเวณประตู 2 มีปัญหา เปลี่ยว ครับ,2,หมวดความปลอดภัยและจราจร
314,แอดมินครับ ขอคำแนะนำ ต้องติดต่อที่ส่วนไหนครับ,4,หมวดบริการทั่วไป / อื่นๆ
189,ตรงสนามหญ้าหน้าคณะมีสภาพ หญ้ารก รบกวนดูแลด้วย,0,หมวดภูมิทัศน์และความสะอาด
819,แอดมินครับ หมวกกันน็อกหาย ต้องติดต่อที่ส่วนไหนครับ,4,หมวดบริการทั่วไป / อื่นๆ
1410,มีปัญหาเรื่อง ระบบ ครับ ช่วยแก้ไขให้หน่อย,6,หมวดเทคโนโลยีสารสนเทศ
146,แอดมินครับ ขอคำแนะนำ ต้องติดต่อที่ส่วนไหนครับ,4,หมวดบริการทั่วไป / อื่นๆ
969,รบกวนตรวจสอบบริเวณประตู 2 มีปัญหา รปภ ครับ,2,หมวดความปลอดภัยและจราจร
425,แจ้งเรื่องครับ พอดีเจอว่า ลิฟต์ค้าง ที่ตึกวิทย์,1,หมวดอาคารและสิ่งอำนวยความสะดวก
1357,แอดมินครับ รถเมล์ ต้องติดต่อที่ส่วนไหนครับ,5,หมวดการเดินทางและระบบขนส่ง
360,แจ้งเรื่องครับ พอดีเจอว่า ประปา ที่ตึกวิทย์,1,หมวดอาคารและสิ่งอำนวยความสะดวก
714,แจ้งเรื่องครับ พอดีเจอว่า ลิฟต์ค้าง ที่ตึกวิทย์,1,หมวดอาคารและสิ่งอำนวยความสะดวก
808,รบกวนตรวจสอบบริเวณประตู 2 มีปัญหา รปภ. ครับ,2,หมวดความปลอดภัยและจราจร
629,มีปัญหาเรื่อง ลืมรหัสผ่าน ครับ ช่วยแก้ไขให้หน่อย,6,หมวดเทคโนโลยีสารสนเทศ
730,แอดมินครับ ท่ารถ ต้องติดต่อที่ส่วนไหนครับ,5,หมวดการเดินทางและระบบขนส่ง
103,แอดมินครับ ขอคำแนะนำ ต้องติดต่อที่ส่วนไหนครับ,4,หมวดบริการทั่วไป / อื่นๆ
1200,มีปัญหาเรื่อง เข้าเว็บไม่ได้ ครับ ช่วยแก้ไขให้หน่อย,6,หมวดเทคโนโลยีสารสนเทศ
1044,มีปัญหาเรื่อง เน็ตช้า ครับ ช่วยแก้ไขให้หน่อย,6,หมวดเทคโนโลยีสารสนเทศ
1307,มีปัญหาเรื่อง ลืมรหัสผ่าน ครับ ช่วยแก้ไขให้หน่อย,6,หมวดเทคโนโลยีสารสนเทศ
1118,ตรงสนามหญ้าหน้าคณะมีสภาพ สกปรก รบกวนดูแลด้วย,0,หมวดภูมิทัศน์และความสะอาด
1022,รบกวนตรวจสอบบริเวณประตู 2 มีปัญหา เปลี่ยว ครับ,2,หมวดความปลอดภัยและจราจร
839,ตรงสนามหญ้าหน้าคณะมีสภาพ หญ้ารก รบกวนดูแลด้วย,0,หมวดภูมิทัศน์และความสะอาด
872,รบกวนตรวจสอบบริเวณประตู 2 มีปัญหา ทางมืด ครับ,2,หมวดความปลอดภัยและจราจร
172,รบกวนตรวจสอบบริเวณประตู 2 มีปัญหา หมวกกันน็อคหาย ครับ,2,หมวดความปลอดภัยและจราจร
1312,ขออนุญาตสอบถามเรื่อง ติดต่ออาจารย์ ของเทอมนี้ครับ,3,หมวดการเรียนการสอนและวิชาการ
445,แอดมินครับ ตามหาของ ต้องติดต่อที่ส่วนไหนครับ,4,หมวดบริการทั่วไป / อื่นๆ
1373,แจ้งเรื่องครับ พอดีเจอว่า ชำรุด ที่ตึกวิทย์,1,หมวดอาคารและสิ่งอำนวยความสะดวก
1320,รบกวนตรวจสอบบริเวณประตู 2 มีปัญหา จอดรถขวาง ครับ,2,หมวดความปลอดภัยและจราจร
429,รบกวนตรวจสอบบริเวณประตู 2 มีปัญหา รถชน ครับ,2,หมวดความปลอดภัยและจราจร
810,ตรงสนามหญ้าหน้าคณะมีสภาพ หมาจรจัด รบกวนดูแลด้วย,0,หมวดภูมิทัศน์และความสะอาด
316,ขออนุญาตสอบถามเรื่อง ขอสอบชดเชย ของเทอมนี้ครับ,3,หมวดการเรียนการสอนและวิชาการ
543,ตรงสนามหญ้าหน้าคณะมีสภาพ ต้นไม้ล้ม รบกวนดูแลด้วย,0,หมวดภูมิทัศน์และความสะอาด
1447,มีปัญหาเรื่อง ลืมรหัสผ่าน ครับ ช่วยแก้ไขให้หน่อย,6,หมวดเทคโนโลยีสารสนเทศ
463,ตรงสนามหญ้าหน้าคณะมีสภาพ ไม่ทำความสะอาด รบกวนดูแลด้วย,0,หมวดภูมิทัศน์และความสะอาด
485,แจ้งเรื่องครับ พอดีเจอว่า ชำรุด ที่ตึกวิทย์,1,หมวดอาคารและสิ่งอำนวยความสะดวก
860,ตรงสนามหญ้าหน้าคณะมีสภาพ ถังขยะเต็ม รบกวนดูแลด้วย,0,หมวดภูมิทัศน์และความสะอาด
1002,แอดมินครับ รถเมล์ ต้องติดต่อที่ส่วนไหนครับ,5,หมวดการเดินทางและระบบขนส่ง
759,ขออนุญาตสอบถามเรื่อง วันสอบ ของเทอมนี้ครับ,3,หมวดการเรียนการสอนและวิชาการ
493,แจ้งเรื่องครับ พอดีเจอว่า แอร์ ที่ตึกวิทย์,1,หมวดอาคารและสิ่งอำนวยความสะดวก
413,ตรงสนามหญ้าหน้าคณะมีสภาพ เหม็น รบกวนดูแลด้วย,0,หมวดภูมิทัศน์และความสะอาด
1231,ตรงสนามหญ้าหน้าคณะมีสภาพ ทำความสะอาด รบกวนดูแลด้วย,0,หมวดภูมิทัศน์และความสะอาด
912,แจ้งเรื่องครับ พอดีเจอว่า หลอดไฟขาด ที่ตึกวิทย์,1,หมวดอาคารและสิ่งอำนวยความสะดวก
551,ตรงสนามหญ้าหน้าคณะมีสภาพ ทำความสะอาด รบกวนดูแลด้วย,0,หมวดภูมิทัศน์และความสะอาด
1465,แอดมินครับ กิจกรรม ต้องติดต่อที่ส่วนไหนครับ,4,หมวดบริการทั่วไป / อื่นๆ
846,แอดมินครับ สอบถามหน่อยครับ ต้องติดต่อที่ส่วนไหนครับ,4,หมวดบริการทั่วไป / อื่นๆ
309,แอดมินครับ รถเมล์ไม่มา ต้องติดต่อที่ส่วนไหนครับ,5,หมวดการเดินทางและระบบขนส่ง
122,แอดมินครับ รถเสีย ต้องติดต่อที่ส่วนไหนครับ,5,หมวดการเดินทางและระบบขนส่ง
792,แอดมินครับ ป้ายรถเมล์ ต้องติดต่อที่ส่วนไหนครับ,5,หมวดการเดินทางและระบบขนส่ง
1375,แอดมินครับ กิจกรรม ต้องติดต่อที่ส่วนไหนครับ,4,หมวดบริการทั่วไป / อื่นๆ
476,แอดมินครับ ลืมของ ต้องติดต่อที่ส่วนไหนครับ,4,หมวดบริการทั่วไป / อื่นๆ
645,ตรงสนามหญ้าหน้าคณะมีสภาพ ถังขยะเต็ม รบกวนดูแลด้วย,0,หมวดภูมิทัศน์และความสะอาด
1435,แจ้งเรื่องครับ พอดีเจอว่า ประตูพัง ที่ตึกวิทย์,1,หมวดอาคารและสิ่งอำนวยความสะดวก
974,รบกวนตรวจสอบบริเวณประตู 2 มีปัญหา รถติด ครับ,2,หมวดความปลอดภัยและจราจร
535,รบกวนตรวจสอบบริเวณประตู 2 มีปัญหา จอดรถขวาง ครับ,2,หมวดความปลอดภัยและจราจร
1310,มีปัญหาเรื่อง ลืมรหัสผ่าน ครับ ช่วยแก้ไขให้หน่อย,6,หมวดเทคโนโลยีสารสนเทศ
348,แอดมินครับ หมวกกันน็อกหาย ต้องติดต่อที่ส่วนไหนครับ,4,หมวดบริการทั่วไป / อื่นๆ
930,มีปัญหาเรื่อง ลงทะเบียนไม่ได้ ครับ ช่วยแก้ไขให้หน่อย,6,หมวดเทคโนโลยีสารสนเทศ
647,แจ้งเรื่องครับ พอดีเจอว่า ประปา ที่ตึกวิทย์,1,หมวดอาคารและสิ่งอำนวยความสะดวก
303,ขออนุญาตสอบถามเรื่อง วันสอบ ของเทอมนี้ครับ,3,หมวดการเรียนการสอนและวิชาการ
966,แอดมินครับ หมวกกันน็อกหาย ต้องติดต่อที่ส่วนไหนครับ,4,หมวดบริการทั่วไป / อื่นๆ
905,รบกวนตรวจสอบบริเวณประตู 2 มีปัญหา อันตราย ครับ,2,หมวดความปลอดภัยและจราจร
297,รบกวนตรวจสอบบริเวณประตู 2 มีปัญหา เปลี่ยว ครับ,2,หมวดความปลอดภัยและจราจร
325,มีปัญหาเรื่อง ระบบล่ม ครับ ช่วยแก้ไขให้หน่อย,6,หมวดเทคโนโลยีสารสนเทศ
949,ตรงสนามหญ้าหน้าคณะมีสภาพ ถังขยะเต็ม รบกวนดูแลด้วย,0,หมวดภูมิทัศน์และความสะอาด
960,ตรงสนามหญ้าหน้าคณะมีสภาพ ทำความสะอาด รบกวนดูแลด้วย,0,หมวดภูมิทัศน์และความสะอาด
334,แอดมินครับ สอบถามหน่อยครับ ต้องติดต่อที่ส่วนไหนครับ,4,หมวดบริการทั่วไป / อื่นๆ
1185,แอดมินครับ รถเต็ม ต้องติดต่อที่ส่วนไหนครับ,5,หมวดการเดินทางและระบบขนส่ง
640,รบกวนตรวจสอบบริเวณประตู 2 มีปัญหา ไม่มีไฟกิ่ง ครับ,2,หมวดความปลอดภัยและจราจร
258,ตรงสนามหญ้าหน้าคณะมีสภาพ ไม่ทำความสะอาด รบกวนดูแลด้วย,0,หมวดภูมิทัศน์และความสะอาด
764,มีปัญหาเรื่อง ลงทะเบียนไม่ได้ ครับ ช่วยแก้ไขให้หน่อย,6,หมวดเทคโนโลยีสารสนเทศ
182,แอดมินครับ ตามหาของ ต้องติดต่อที่ส่วนไหนครับ,4,หมวดบริการทั่วไป / อื่นๆ
1364,แจ้งเรื่องครับ พอดีเจอว่า พัง ที่ตึกวิทย์,1,หมวดอาคารและสิ่งอำนวยความสะดวก
1011,มีปัญหาเรื่อง หลุดบ่อย ครับ ช่วยแก้ไขให้หน่อย,6,หมวดเทคโนโลยีสารสนเทศ
462,แอดมินครับ กิจกรรม ต้องติดต่อที่ส่วนไหนครับ,4,หมวดบริการทั่วไป / อื่นๆ
1274,แจ้งเรื่องครับ พอดีเจอว่า ไฟดับ ที่ตึกวิทย์,1,หมวดอาคารและสิ่งอำนวยความสะดวก
1015,แอดมินครับ กิจกรรม ต้องติดต่อที่ส่วนไหนครับ,4,หมวดบริการทั่วไป / อื่นๆ
1081,แอดมินครับ อยากทราบว่า ต้องติดต่อที่ส่วนไหนครับ,4,หมวดบริการทั่วไป / อื่นๆ
859,มีปัญหาเรื่อง ลงทะเบียนไม่ได้ ครับ ช่วยแก้ไขให้หน่อย,6,หมวดเทคโนโลยีสารสนเทศ
1391,ขออนุญาตสอบถามเรื่อง อาจารย์ ของเทอมนี้ครับ,3,หมวดการเรียนการสอนและวิชาการ
158,แอดมินครับ ของหาย ต้องติดต่อที่ส่วนไหนครับ,4,หมวดบริการทั่วไป / อื่นๆ
950,ขออนุญาตสอบถามเรื่อง อาจารย์ ของเทอมนี้ครับ,3,หมวดการเรียนการสอนและวิชาการ
1149,แจ้งเรื่องครับ พอดีเจอว่า ประตูพัง ที่ตึกวิทย์,1,หมวดอาคารและสิ่งอำนวยความสะดวก
852,มีปัญหาเรื่อง เน็ตหลุด ครับ ช่วยแก้ไขให้หน่อย,6,หมวดเทคโนโลยีสารสนเทศ
957,ขออนุญาตสอบถามเรื่อง หน่วยกิต ของเทอมนี้ครับ,3,หมวดการเรียนการสอนและวิชาการ
235,แจ้งเรื่องครับ พอดีเจอว่า แอร์ ที่ตึกวิทย์,1,หมวดอาคารและสิ่งอำนวยความสะดวก
402,ขออนุญาตสอบถามเรื่อง ดรอปเรียน ของเทอมนี้ครับ,3,หมวดการเรียนการสอนและวิชาการ
980,ตรงสนามหญ้าหน้าคณะมีสภาพ หญ้ารก รบกวนดูแลด้วย,0,หมวดภูมิทัศน์และความสะอาด
1051,ขออนุญาตสอบถามเรื่อง หน่วยกิต ของเทอมนี้ครับ,3,หมวดการเรียนการสอนและวิชาการ
875,แจ้งเรื่องครับ พอดีเจอว่า ชำรุด ที่ตึกวิทย์,1,หมวดอาคารและสิ่งอำนวยความสะดวก
986,ขออนุญาตสอบถามเรื่อง เกรด ของเทอมนี้ครับ,3,หมวดการเรียนการสอนและวิชาการ
1273,มีปัญหาเรื่อง ระบบ ครับ ช่วยแก้ไขให้หน่อย,6,หมวดเทคโนโลยีสารสนเทศ
1363,แอดมินครับ รถไม่มา ต้องติดต่อที่ส่วนไหนครับ,5,หมวดการเดินทางและระบบขนส่ง
1094,แจ้งเรื่องครับ พอดีเจอว่า ประตูพัง ที่ตึกวิทย์,1,หมวดอาคารและสิ่งอำนวยความสะดวก
286,แจ้งเรื่องครับ พอดีเจอว่า ประปา ที่ตึกวิทย์,1,หมวดอาคารและสิ่งอำนวยความสะดวก
239,แอดมินครับ รถเมล์เต็ม ต้องติดต่อที่ส่วนไหนครับ,5,หมวดการเดินทางและระบบขนส่ง
849,ขออนุญาตสอบถามเรื่อง ดรอปเรียน ของเทอมนี้ครับ,3,หมวดการเรียนการสอนและวิชาการ
1356,แจ้งเรื่องครับ พอดีเจอว่า แอร์ไม่เย็น ที่ตึกวิทย์,1,หมวดอาคารและสิ่งอำนวยความสะดวก
557,มีปัญหาเรื่อง เข้าเว็บไม่ได้ ครับ ช่วยแก้ไขให้หน่อย,6,หมวดเทคโนโลยีสารสนเทศ
736,รบกวนตรวจสอบบริเวณประตู 2 มีปัญหา ทางมืด ครับ,2,หมวดความปลอดภัยและจราจร
1140,ขออนุญาตสอบถามเรื่อง วันสอบ ของเทอมนี้ครับ,3,หมวดการเรียนการสอนและวิชาการ
1023,มีปัญหาเรื่อง เน็ตช้า ครับ ช่วยแก้ไขให้หน่อย,6,หมวดเทคโนโลยีสารสนเทศ
1290,แจ้งเรื่องครับ พอดีเจอว่า น้ำไม่ไหล ที่ตึกวิทย์,1,หมวดอาคารและสิ่งอำนวยความสะดวก
840,ตรงสนามหญ้าหน้าคณะมีสภาพ ต้นไม้ล้ม รบกวนดูแลด้วย,0,หมวดภูมิทัศน์และความสะอาด
221,มีปัญหาเรื่อง หลุดบ่อย ครับ ช่วยแก้ไขให้หน่อย,6,หมวดเทคโนโลยีสารสนเทศ
1442,รบกวนตรวจสอบบริเวณประตู 2 มีปัญหา เปลี่ยว ครับ,2,หมวดความปลอดภัยและจราจร
1313,ขออนุญาตสอบถามเรื่อง วิชา ของเทอมนี้ครับ,3,หมวดการเรียนการสอนและวิชาการ
1126,มีปัญหาเรื่อง หลุดบ่อย ครับ ช่วยแก้ไขให้หน่อย,6,หมวดเทคโนโลยีสารสนเทศ
713,แอดมินครับ รถเมล์เสีย ต้องติดต่อที่ส่วนไหนครับ,5,หมวดการเดินทางและระบบขนส่ง
503,ตรงสนามหญ้าหน้าคณะมีสภาพ ถังขยะเต็ม รบกวนดูแลด้วย,0,หมวดภูมิทัศน์และความสะอาด
145,มีปัญหาเรื่อง ไวไฟเข้าไม่ได้ ครับ ช่วยแก้ไขให้หน่อย,6,หมวดเทคโนโลยีสารสนเทศ
1177,มีปัญหาเรื่อง ลืมรหัสผ่าน ครับ ช่วยแก้ไขให้หน่อย,6,หมวดเทคโนโลยีสารสนเทศ
635,แจ้งเรื่องครับ พอดีเจอว่า น้ำไม่ไหล ที่ตึกวิทย์,1,หมวดอาคารและสิ่งอำนวยความสะดวก
17,แจ้งเรื่องครับ พอดีเจอว่า ไฟดับ ที่ตึกวิทย์,1,หมวดอาคารและสิ่งอำนวยความสะดวก
1127,แอดมินครับ รอนาน ต้องติดต่อที่ส่วนไหนครับ,5,หมวดการเดินทางและระบบขนส่ง
1121,แอดมินครับ รถไม่มา ต้องติดต่อที่ส่วนไหนครับ,5,หมวดการเดินทางและระบบขนส่ง
1275,แอดมินครับ รถไม่มา ต้องติดต่อที่ส่วนไหนครับ,5,หมวดการเดินทางและระบบขนส่ง
1155,แอดมินครับ สอบถามหน่อยครับ ต้องติดต่อที่ส่วนไหนครับ,4,หมวดบริการทั่วไป / อื่นๆ
1053,มีปัญหาเรื่อง เข้าเว็บไม่ได้ ครับ ช่วยแก้ไขให้หน่อย,6,หมวดเทคโนโลยีสารสนเทศ
397,ขออนุญาตสอบถามเรื่อง ติดต่ออาจารย์ ของเทอมนี้ครับ,3,หมวดการเรียนการสอนและวิชาการ
1037,รบกวนตรวจสอบบริเวณประตู 2 มีปัญหา รถติด ครับ,2,หมวดความปลอดภัยและจราจร
1170,มีปัญหาเรื่อง เข้าเว็บไม่ได้ ครับ ช่วยแก้ไขให้หน่อย,6,หมวดเทคโนโลยีสารสนเทศ
381,แอดมินครับ รอนาน ต้องติดต่อที่ส่วนไหนครับ,5,หมวดการเดินทางและระบบขนส่ง
178,ขออนุญาตสอบถามเรื่อง หน่วยกิต ของเทอมนี้ครับ,3,หมวดการเรียนการสอนและวิชาการ
1306,ขออนุญาตสอบถามเรื่อง ติดต่ออาจารย์ ของเทอมนี้ครับ,3,หมวดการเรียนการสอนและวิชาการ
1440,ตรงสนามหญ้าหน้าคณะมีสภาพ เหม็น รบกวนดูแลด้วย,0,หมวดภูมิทัศน์และความสะอาด
403,ตรงสนามหญ้าหน้าคณะมีสภาพ หมาจรจัด รบกวนดูแลด้วย,0,หมวดภูมิทัศน์และความสะอาด
421,แอดมินครับ รถเสีย ต้องติดต่อที่ส่วนไหนครับ,5,หมวดการเดินทางและระบบขนส่ง
460,แอดมินครับ ตามหาของ ต้องติดต่อที่ส่วนไหนครับ,4,หมวดบริการทั่วไป / อื่นๆ
512,ขออนุญาตสอบถามเรื่อง หน่วยกิต ของเทอมนี้ครับ,3,หมวดการเรียนการสอนและวิชาการ
971,รบกวนตรวจสอบบริเวณประตู 2 มีปัญหา รถติด ครับ,2,หมวดความปลอดภัยและจราจร
1361,มีปัญหาเรื่อง ระบบล่ม ครับ ช่วยแก้ไขให้หน่อย,6,หมวดเทคโนโลยีสารสนเทศ
717,แจ้งเรื่องครับ พอดีเจอว่า ลิฟต์ ที่ตึกวิทย์,1,หมวดอาคารและสิ่งอำนวยความสะดวก
1469,แจ้งเรื่องครับ พอดีเจอว่า หลังคารั่ว ที่ตึกวิทย์,1,หมวดอาคารและสิ่งอำนวยความสะดวก
365,แจ้งเรื่องครับ พอดีเจอว่า ลิฟต์ ที่ตึกวิทย์,1,หมวดอาคารและสิ่งอำนวยความสะดวก
264,แจ้งเรื่องครับ พอดีเจอว่า ประปา ที่ตึกวิทย์,1,หมวดอาคารและสิ่งอำนวยความสะดวก
404,มีปัญหาเรื่อง ไวไฟเข้าไม่ได้ ครับ ช่วยแก้ไขให้หน่อย,6,หมวดเทคโนโลยีสารสนเทศ
129,ขออนุญาตสอบถามเรื่อง เกรด ของเทอมนี้ครับ,3,หมวดการเรียนการสอนและวิชาการ
667,ตรงสนามหญ้าหน้าคณะมีสภาพ ถังขยะเต็ม รบกวนดูแลด้วย,0,หมวดภูมิทัศน์และความสะอาด
380,แอดมินครับ คิวรถ ต้องติดต่อที่ส่วนไหนครับ,5,หมวดการเดินทางและระบบขนส่ง
1134,มีปัญหาเรื่อง เน็ตหลุด ครับ ช่วยแก้ไขให้หน่อย,6,หมวดเทคโนโลยีสารสนเทศ
521,แอดมินครับ อยากทราบว่า ต้องติดต่อที่ส่วนไหนครับ,4,หมวดบริการทั่วไป / อื่นๆ
936,แจ้งเรื่องครับ พอดีเจอว่า พัง ที่ตึกวิทย์,1,หมวดอาคารและสิ่งอำนวยความสะดวก
1401,แอดมินครับ ไม่จอดรับ ต้องติดต่อที่ส่วนไหนครับ,5,หมวดการเดินทางและระบบขนส่ง
1479,แจ้งเรื่องครับ พอดีเจอว่า ชำรุด ที่ตึกวิทย์,1,หมวดอาคารและสิ่งอำนวยความสะดวก
511,ขออนุญาตสอบถามเรื่อง เกรด ของเทอมนี้ครับ,3,หมวดการเรียนการสอนและวิชาการ
823,แจ้งเรื่องครับ พอดีเจอว่า ลิฟต์ ที่ตึกวิทย์,1,หมวดอาคารและสิ่งอำนวยความสะดวก
586,มีปัญหาเรื่อง เน็ตหลุด ครับ ช่วยแก้ไขให้หน่อย,6,หมวดเทคโนโลยีสารสนเทศ
837,แอดมินครับ หมวกกันน็อกหาย ต้องติดต่อที่ส่วนไหนครับ,4,หมวดบริการทั่วไป / อื่นๆ
655,แจ้งเรื่องครับ พอดีเจอว่า น้ำไม่ไหล ที่ตึกวิทย์,1,หมวดอาคารและสิ่งอำนวยความสะดวก
1003,แอดมินครับ รถเมล์มอ ต้องติดต่อที่ส่วนไหนครับ,5,หมวดการเดินทางและระบบขนส่ง
1370,ขออนุญาตสอบถามเรื่อง ติดต่ออาจารย์ ของเทอมนี้ครับ,3,หมวดการเรียนการสอนและวิชาการ
1350,รบกวนตรวจสอบบริเวณประตู 2 มีปัญหา ขโมย ครับ,2,หมวดความปลอดภัยและจราจร
310,แอดมินครับ ของหาย ต้องติดต่อที่ส่วนไหนครับ,4,หมวดบริการทั่วไป / อื่นๆ
946,แอดมินครับ หมวกกันน็อคหาย ต้องติดต่อที่ส่วนไหนครับ,4,หมวดบริการทั่วไป / อื่นๆ
991,ขออนุญาตสอบถามเรื่อง เกรด ของเทอมนี้ครับ,3,หมวดการเรียนการสอนและวิชาการ
1276,มีปัญหาเรื่อง เน็ตหลุด ครับ ช่วยแก้ไขให้หน่อย,6,หมวดเทคโนโลยีสารสนเทศ
766,แอดมินครับ รถติด ต้องติดต่อที่ส่วนไหนครับ,5,หมวดการเดินทางและระบบขนส่ง
1483,มีปัญหาเรื่อง ลืมรหัสผ่าน ครับ ช่วยแก้ไขให้หน่อย,6,หมวดเทคโนโลยีสารสนเทศ
447,รบกวนตรวจสอบบริเวณประตู 2 มีปัญหา ขโมย ครับ,2,หมวดความปลอดภัยและจราจร
1262,มีปัญหาเรื่อง เน็ตหลุด ครับ ช่วยแก้ไขให้หน่อย,6,หมวดเทคโนโลยีสารสนเทศ
1043,รบกวนตรวจสอบบริเวณประตู 2 มีปัญหา รปภ ครับ,2,หมวดความปลอดภัยและจราจร
705,แอดมินครับ รถเมล์มอ ต้องติดต่อที่ส่วนไหนครับ,5,หมวดการเดินทางและระบบขนส่ง
777,รบกวนตรวจสอบบริเวณประตู 2 มีปัญหา จอดรถขวาง ครับ,2,หมวดความปลอดภัยและจราจร
633,แอดมินครับ ตารางรถ ต้องติดต่อที่ส่วนไหนครับ,5,หมวดการเดินทางและระบบขนส่ง
387,แจ้งเรื่องครับ พอดีเจอว่า แอร์ ที่ตึกวิทย์,1,หมวดอาคารและสิ่งอำนวยความสะดวก
260,มีปัญหาเรื่อง ระบบล่ม ครับ ช่วยแก้ไขให้หน่อย,6,หมวดเทคโนโลยีสารสนเทศ
871,ตรงสนามหญ้าหน้าคณะมีสภาพ หญ้ารก รบกวนดูแลด้วย,0,หมวดภูมิทัศน์และความสะอาด
1226,ขออนุญาตสอบถามเรื่อง ดรอปเรียน ของเทอมนี้ครับ,3,หมวดการเรียนการสอนและวิชาการ
653,มีปัญหาเรื่อง เข้าเว็บไม่ได้ ครับ ช่วยแก้ไขให้หน่อย,6,หมวดเทคโนโลยีสารสนเทศ
1466,แจ้งเรื่องครับ พอดีเจอว่า ลิฟต์ ที่ตึกวิทย์,1,หมวดอาคารและสิ่งอำนวยความสะดวก
175,แอดมินครับ รถเมล์ไม่มา ต้องติดต่อที่ส่วนไหนครับ,5,หมวดการเดินทางและระบบขนส่ง
756,ขออนุญาตสอบถามเรื่อง หน่วยกิต ของเทอมนี้ครับ,3,หมวดการเรียนการสอนและวิชาการ
1333,แจ้งเรื่องครับ พอดีเจอว่า ลิฟต์ ที่ตึกวิทย์,1,หมวดอาคารและสิ่งอำนวยความสะดวก
1494,แอดมินครับ บัตรนิสิต ต้องติดต่อที่ส่วนไหนครับ,4,หมวดบริการทั่วไป / อื่นๆ
280,มีปัญหาเรื่อง ลงทะเบียนไม่ได้ ครับ ช่วยแก้ไขให้หน่อย,6,หมวดเทคโนโลยีสารสนเทศ
728,ขออนุญาตสอบถามเรื่อง วิชา ของเทอมนี้ครับ,3,หมวดการเรียนการสอนและวิชาการ
1470,รบกวนตรวจสอบบริเวณประตู 2 มีปัญหา รปภ ครับ,2,หมวดความปลอดภัยและจราจร
1298,แอดมินครับ กิจกรรม ต้องติดต่อที่ส่วนไหนครับ,4,หมวดบริการทั่วไป / อื่นๆ
1244,รบกวนตรวจสอบบริเวณประตู 2 มีปัญหา ของหาย ครับ,2,หมวดความปลอดภัยและจราจร
102,แอดมินครับ รถเมล์ติด ต้องติดต่อที่ส่วนไหนครับ,5,หมวดการเดินทางและระบบขนส่ง
1089,ขออนุญาตสอบถามเรื่อง หน่วยกิต ของเทอมนี้ครับ,3,หมวดการเรียนการสอนและวิชาการ
1386,ตรงสนามหญ้าหน้าคณะมีสภาพ หญ้ารก รบกวนดูแลด้วย,0,หมวดภูมิทัศน์และความสะอาด
168,มีปัญหาเรื่อง เน็ตช้า ครับ ช่วยแก้ไขให้หน่อย,6,หมวดเทคโนโลยีสารสนเทศ
15,ตรงสนามหญ้าหน้าคณะมีสภาพ หมาจรจัด รบกวนดูแลด้วย,0,หมวดภูมิทัศน์และความสะอาด
567,ตรงสนามหญ้าหน้าคณะมีสภาพ ไม่ทำความสะอาด รบกวนดูแลด้วย,0,หมวดภูมิทัศน์และความสะอาด
78,รบกวนตรวจสอบบริเวณประตู 2 มีปัญหา รปภ ครับ,2,หมวดความปลอดภัยและจราจร
1113,แจ้งเรื่องครับ พอดีเจอว่า แอร์ไม่เย็น ที่ตึกวิทย์,1,หมวดอาคารและสิ่งอำนวยความสะดวก
1214,มีปัญหาเรื่อง หลุดบ่อย ครับ ช่วยแก้ไขให้หน่อย,6,หมวดเทคโนโลยีสารสนเทศ
470,มีปัญหาเรื่อง ลืมรหัสผ่าน ครับ ช่วยแก้ไขให้หน่อย,6,หมวดเทคโนโลยีสารสนเทศ
965,รบกวนตรวจสอบบริเวณประตู 2 มีปัญหา รถติด ครับ,2,หมวดความปลอดภัยและจราจร
1065,ขออนุญาตสอบถามเรื่อง ติดต่ออาจารย์ ของเทอมนี้ครับ,3,หมวดการเรียนการสอนและวิชาการ
351,มีปัญหาเรื่อง เข้าเว็บไม่ได้ ครับ ช่วยแก้ไขให้หน่อย,6,หมวดเทคโนโลยีสารสนเทศ
953,แอดมินครับ บัตรนิสิต ต้องติดต่อที่ส่วนไหนครับ,4,หมวดบริการทั่วไป / อื่นๆ
609,แอดมินครับ อยากทราบว่า ต้องติดต่อที่ส่วนไหนครับ,4,หมวดบริการทั่วไป / อื่นๆ
474,รบกวนตรวจสอบบริเวณประตู 2 มีปัญหา เปลี่ยว ครับ,2,หมวดความปลอดภัยและจราจร
246,ตรงสนามหญ้าหน้าคณะมีสภาพ เหม็น รบกวนดูแลด้วย,0,หมวดภูมิทัศน์และความสะอาด
1235,มีปัญหาเรื่อง หลุดบ่อย ครับ ช่วยแก้ไขให้หน่อย,6,หมวดเทคโนโลยีสารสนเทศ
1372,รบกวนตรวจสอบบริเวณประตู 2 มีปัญหา รถชน ครับ,2,หมวดความปลอดภัยและจราจร
834,ตรงสนามหญ้าหน้าคณะมีสภาพ ไม่ทำความสะอาด รบกวนดูแลด้วย,0,หมวดภูมิทัศน์และความสะอาด
816,แอดมินครับ ขอคำแนะนำ ต้องติดต่อที่ส่วนไหนครับ,4,หมวดบริการทั่วไป / อื่นๆ
504,แจ้งเรื่องครับ พอดีเจอว่า แอร์ไม่เย็น ที่ตึกวิทย์,1,หมวดอาคารและสิ่งอำนวยความสะดวก
762,มีปัญหาเรื่อง เข้าเว็บไม่ได้ ครับ ช่วยแก้ไขให้หน่อย,6,หมวดเทคโนโลยีสารสนเทศ
1406,แอดมินครับ ลืมของ ต้องติดต่อที่ส่วนไหนครับ,4,หมวดบริการทั่วไป / อื่นๆ
353,แอดมินครับ กิจกรรม ต้องติดต่อที่ส่วนไหนครับ,4,หมวดบริการทั่วไป / อื่นๆ
483,ขออนุญาตสอบถามเรื่อง เกรด ของเทอมนี้ครับ,3,หมวดการเรียนการสอนและวิชาการ
804,มีปัญหาเรื่อง ลืมรหัสผ่าน ครับ ช่วยแก้ไขให้หน่อย,6,หมวดเทคโนโลยีสารสนเทศ
976,ตรงสนามหญ้าหน้าคณะมีสภาพ ถังขยะเต็ม รบกวนดูแลด้วย,0,หมวดภูมิทัศน์และความสะอาด
1128,มีปัญหาเรื่อง ลงทะเบียนไม่ได้ ครับ ช่วยแก้ไขให้หน่อย,6,หมวดเทคโนโลยีสารสนเทศ
892,แอดมินครับ รอรถ ต้องติดต่อที่ส่วนไหนครับ,5,หมวดการเดินทางและระบบขนส่ง
918,แจ้งเรื่องครับ พอดีเจอว่า ลิฟต์ค้าง ที่ตึกวิทย์,1,หมวดอาคารและสิ่งอำนวยความสะดวก
174,แจ้งเรื่องครับ พอดีเจอว่า แอร์ไม่เย็น ที่ตึกวิทย์,1,หมวดอาคารและสิ่งอำนวยความสะดวก
488,แอดมินครับ ของหาย ต้องติดต่อที่ส่วนไหนครับ,4,หมวดบริการทั่วไป / อื่นๆ
461,ตรงสนามหญ้าหน้าคณะมีสภาพ ถังขยะเต็ม รบกวนดูแลด้วย,0,หมวดภูมิทัศน์และความสะอาด
106,มีปัญหาเรื่อง หลุดบ่อย ครับ ช่วยแก้ไขให้หน่อย,6,หมวดเทคโนโลยีสารสนเทศ
1445,แอดมินครับ รถติด ต้องติดต่อที่ส่วนไหนครับ,5,หมวดการเดินทางและระบบขนส่ง
1253,รบกวนตรวจสอบบริเวณประตู 2 มีปัญหา รถติด ครับ,2,หมวดความปลอดภัยและจราจร
938,ตรงสนามหญ้าหน้าคณะมีสภาพ ไม่ทำความสะอาด รบกวนดูแลด้วย,0,หมวดภูมิทัศน์และความสะอาด
225,ขออนุญาตสอบถามเรื่อง ขอสอบชดเชย ของเทอมนี้ครับ,3,หมวดการเรียนการสอนและวิชาการ
1360,ขออนุญาตสอบถามเรื่อง ขอสอบชดเชย ของเทอมนี้ครับ,3,หมวดการเรียนการสอนและวิชาการ
828,แจ้งเรื่องครับ พอดีเจอว่า แอร์ไม่เย็น ที่ตึกวิทย์,1,หมวดอาคารและสิ่งอำนวยความสะดวก
553,มีปัญหาเรื่อง ระบบล่ม ครับ ช่วยแก้ไขให้หน่อย,6,หมวดเทคโนโลยีสารสนเทศ
254,รบกวนตรวจสอบบริเวณประตู 2 มีปัญหา รถชน ครับ,2,หมวดความปลอดภัยและจราจร
690,ตรงสนามหญ้าหน้าคณะมีสภาพ หมาจรจัด รบกวนดูแลด้วย,0,หมวดภูมิทัศน์และความสะอาด
1209,ตรงสนามหญ้าหน้าคณะมีสภาพ กิ่งไม้หัก รบกวนดูแลด้วย,0,หมวดภูมิทัศน์และความสะอาด
1038,แอดมินครับ อยากทราบว่า ต้องติดต่อที่ส่วนไหนครับ,4,หมวดบริการทั่วไป / อื่นๆ
320,รบกวนตรวจสอบบริเวณประตู 2 มีปัญหา รถชน ครับ,2,หมวดความปลอดภัยและจราจร
649,มีปัญหาเรื่อง เน็ตหลุด ครับ ช่วยแก้ไขให้หน่อย,6,หมวดเทคโนโลยีสารสนเทศ
120,มีปัญหาเรื่อง ลงทะเบียนไม่ได้ ครับ ช่วยแก้ไขให้หน่อย,6,หมวดเทคโนโลยีสารสนเทศ
99,ตรงสนามหญ้าหน้าคณะมีสภาพ หมาจรจัด รบกวนดูแลด้วย,0,หมวดภูมิทัศน์และความสะอาด
1218,ขออนุญาตสอบถามเรื่อง ติดต่ออาจารย์ ของเทอมนี้ครับ,3,หมวดการเรียนการสอนและวิชาการ
436,แอดมินครับ บัตรนิสิต ต้องติดต่อที่ส่วนไหนครับ,4,หมวดบริการทั่วไป / อื่นๆ
1476,แอดมินครับ รอนาน ต้องติดต่อที่ส่วนไหนครับ,5,หมวดการเดินทางและระบบขนส่ง
672,รบกวนตรวจสอบบริเวณประตู 2 มีปัญหา เปลี่ยว ครับ,2,หมวดความปลอดภัยและจราจร
1257,แจ้งเรื่องครับ พอดีเจอว่า หลังคารั่ว ที่ตึกวิทย์,1,หมวดอาคารและสิ่งอำนวยความสะดวก
1414,แอดมินครับ ลืมของ ต้องติดต่อที่ส่วนไหนครับ,4,หมวดบริการทั่วไป / อื่นๆ
1111,ขออนุญาตสอบถามเรื่อง ดรอปเรียน ของเทอมนี้ครับ,3,หมวดการเรียนการสอนและวิชาการ
191,แอดมินครับ บัตรนิสิต ต้องติดต่อที่ส่วนไหนครับ,4,หมวดบริการทั่วไป / อื่นๆ
590,รบกวนตรวจสอบบริเวณประตู 2 มีปัญหา เปลี่ยว ครับ,2,หมวดความปลอดภัยและจราจร
1348,แอดมินครับ หมวกกันน็อกหาย ต้องติดต่อที่ส่วนไหนครับ,4,หมวดบริการทั่วไป / อื่นๆ
686,แจ้งเรื่องครับ พอดีเจอว่า พัง ที่ตึกวิทย์,1,หมวดอาคารและสิ่งอำนวยความสะดวก
1211,มีปัญหาเรื่อง ลืมรหัสผ่าน ครับ ช่วยแก้ไขให้หน่อย,6,หมวดเทคโนโลยีสารสนเทศ
1308,รบกวนตรวจสอบบริเวณประตู 2 มีปัญหา จอดรถขวาง ครับ,2,หมวดความปลอดภัยและจราจร
1222,ขออนุญาตสอบถามเรื่อง วันสอบ ของเทอมนี้ครับ,3,หมวดการเรียนการสอนและวิชาการ
917,รบกวนตรวจสอบบริเวณประตู 2 มีปัญหา ไม่มีไฟกิ่ง ครับ,2,หมวดความปลอดภัยและจราจร
1159,แอดมินครับ รถมอ ต้องติดต่อที่ส่วนไหนครับ,5,หมวดการเดินทางและระบบขนส่ง
1120,ตรงสนามหญ้าหน้าคณะมีสภาพ ไม่ทำความสะอาด รบกวนดูแลด้วย,0,หมวดภูมิทัศน์และความสะอาด
1086,แจ้งเรื่องครับ พอดีเจอว่า ประปา ที่ตึกวิทย์,1,หมวดอาคารและสิ่งอำนวยความสะดวก
601,แอดมินครับ รถติด ต้องติดต่อที่ส่วนไหนครับ,5,หมวดการเดินทางและระบบขนส่ง
1382,แอดมินครับ รอรถ ต้องติดต่อที่ส่วนไหนครับ,5,หมวดการเดินทางและระบบขนส่ง
1028,ตรงสนามหญ้าหน้าคณะมีสภาพ กิ่งไม้หัก รบกวนดูแลด้วย,0,หมวดภูมิทัศน์และความสะอาด
1496,แอดมินครับ กิจกรรม ต้องติดต่อที่ส่วนไหนครับ,4,หมวดบริการทั่วไป / อื่นๆ
947,แอดมินครับ ตามหาของ ต้องติดต่อที่ส่วนไหนครับ,4,หมวดบริการทั่วไป / อื่นๆ
680,รบกวนตรวจสอบบริเวณประตู 2 มีปัญหา ขโมย ครับ,2,หมวดความปลอดภัยและจราจร
948,แอดมินครับ รอนาน ต้องติดต่อที่ส่วนไหนครับ,5,หมวดการเดินทางและระบบขนส่ง
489,ขออนุญาตสอบถามเรื่อง ดรอปเรียน ของเทอมนี้ครับ,3,หมวดการเรียนการสอนและวิชาการ
364,ตรงสนามหญ้าหน้าคณะมีสภาพ ต้นไม้ล้ม รบกวนดูแลด้วย,0,หมวดภูมิทัศน์และความสะอาด
479,ตรงสนามหญ้าหน้าคณะมีสภาพ กิ่งไม้หัก รบกวนดูแลด้วย,0,หมวดภูมิทัศน์และความสะอาด
700,มีปัญหาเรื่อง ลืมรหัสผ่าน ครับ ช่วยแก้ไขให้หน่อย,6,หมวดเทคโนโลยีสารสนเทศ
198,แอดมินครับ รถมอเตอร์ไซค์ ต้องติดต่อที่ส่วนไหนครับ,5,หมวดการเดินทางและระบบขนส่ง
708,แอดมินครับ ไม่จอดรับ ต้องติดต่อที่ส่วนไหนครับ,5,หมวดการเดินทางและระบบขนส่ง
1150,แอดมินครับ รถเมล์เสีย ต้องติดต่อที่ส่วนไหนครับ,5,หมวดการเดินทางและระบบขนส่ง
1272,ตรงสนามหญ้าหน้าคณะมีสภาพ ขยะล้น รบกวนดูแลด้วย,0,หมวดภูมิทัศน์และความสะอาด
959,ขออนุญาตสอบถามเรื่อง เกรด ของเทอมนี้ครับ,3,หมวดการเรียนการสอนและวิชาการ
232,แจ้งเรื่องครับ พอดีเจอว่า พัง ที่ตึกวิทย์,1,หมวดอาคารและสิ่งอำนวยความสะดวก
613,ขออนุญาตสอบถามเรื่อง ดรอปเรียน ของเทอมนี้ครับ,3,หมวดการเรียนการสอนและวิชาการ
1398,แจ้งเรื่องครับ พอดีเจอว่า น้ำไม่ไหล ที่ตึกวิทย์,1,หมวดอาคารและสิ่งอำนวยความสะดวก
16,แอดมินครับ หมวกกันน็อกหาย ต้องติดต่อที่ส่วนไหนครับ,4,หมวดบริการทั่วไป / อื่นๆ
1249,ตรงสนามหญ้าหน้าคณะมีสภาพ ขยะล้น รบกวนดูแลด้วย,0,หมวดภูมิทัศน์และความสะอาด
707,แอดมินครับ รถเต็ม ต้องติดต่อที่ส่วนไหนครับ,5,หมวดการเดินทางและระบบขนส่ง
564,รบกวนตรวจสอบบริเวณประตู 2 มีปัญหา หมวกกันน็อคหาย ครับ,2,หมวดความปลอดภัยและจราจร
770,แอดมินครับ ท่ารถ ต้องติดต่อที่ส่วนไหนครับ,5,หมวดการเดินทางและระบบขนส่ง
1328,แจ้งเรื่องครับ พอดีเจอว่า หลอดไฟขาด ที่ตึกวิทย์,1,หมวดอาคารและสิ่งอำนวยความสะดวก
1299,มีปัญหาเรื่อง หลุดบ่อย ครับ ช่วยแก้ไขให้หน่อย,6,หมวดเทคโนโลยีสารสนเทศ
1090,ขออนุญาตสอบถามเรื่อง ขอสอบชดเชย ของเทอมนี้ครับ,3,หมวดการเรียนการสอนและวิชาการ
94,แอดมินครับ สอบถามหน่อยครับ ต้องติดต่อที่ส่วนไหนครับ,4,หมวดบริการทั่วไป / อื่นๆ
1030,ขออนุญาตสอบถามเรื่อง วิชา ของเทอมนี้ครับ,3,หมวดการเรียนการสอนและวิชาการ
355,แอดมินครับ ตารางรถ ต้องติดต่อที่ส่วนไหนครับ,5,หมวดการเดินทางและระบบขนส่ง
1489,ขออนุญาตสอบถามเรื่อง วันสอบ ของเทอมนี้ครับ,3,หมวดการเรียนการสอนและวิชาการ
181,แอดมินครับ รถมอ ต้องติดต่อที่ส่วนไหนครับ,5,หมวดการเดินทางและระบบขนส่ง
1285,มีปัญหาเรื่อง เน็ตช้า ครับ ช่วยแก้ไขให้หน่อย,6,หมวดเทคโนโลยีสารสนเทศ
84,แจ้งเรื่องครับ พอดีเจอว่า หลอดไฟขาด ที่ตึกวิทย์,1,หมวดอาคารและสิ่งอำนวยความสะดวก
1385,ตรงสนามหญ้าหน้าคณะมีสภาพ สกปรก รบกวนดูแลด้วย,0,หมวดภูมิทัศน์และความสะอาด
1408,มีปัญหาเรื่อง เข้าเว็บไม่ได้ ครับ ช่วยแก้ไขให้หน่อย,6,หมวดเทคโนโลยีสารสนเทศ
1284,แอดมินครับ รถไม่มา ต้องติดต่อที่ส่วนไหนครับ,5,หมวดการเดินทางและระบบขนส่ง
204,แจ้งเรื่องครับ พอดีเจอว่า ชำรุด ที่ตึกวิทย์,1,หมวดอาคารและสิ่งอำนวยความสะดวก
1427,รบกวนตรวจสอบบริเวณประตู 2 มีปัญหา ขโมย ครับ,2,หมวดความปลอดภัยและจราจร
913,แอดมินครับ รอรถ ต้องติดต่อที่ส่วนไหนครับ,5,หมวดการเดินทางและระบบขนส่ง
1194,แอดมินครับ รถเมล์มอ ต้องติดต่อที่ส่วนไหนครับ,5,หมวดการเดินทางและระบบขนส่ง
610,รบกวนตรวจสอบบริเวณประตู 2 มีปัญหา อันตราย ครับ,2,หมวดความปลอดภัยและจราจร
549,มีปัญหาเรื่อง เน็ตหลุด ครับ ช่วยแก้ไขให้หน่อย,6,หมวดเทคโนโลยีสารสนเทศ
1180,มีปัญหาเรื่อง เน็ตหลุด ครับ ช่วยแก้ไขให้หน่อย,6,หมวดเทคโนโลยีสารสนเทศ
1040,ตรงสนามหญ้าหน้าคณะมีสภาพ ทำความสะอาด รบกวนดูแลด้วย,0,หมวดภูมิทัศน์และความสะอาด
356,รบกวนตรวจสอบบริเวณประตู 2 มีปัญหา ไม่มีไฟกิ่ง ครับ,2,หมวดความปลอดภัยและจราจร
602,รบกวนตรวจสอบบริเวณประตู 2 มีปัญหา รปภ. ครับ,2,หมวดความปลอดภัยและจราจร
869,ขออนุญาตสอบถามเรื่อง ดรอปเรียน ของเทอมนี้ครับ,3,หมวดการเรียนการสอนและวิชาการ
273,มีปัญหาเรื่อง เข้าเว็บไม่ได้ ครับ ช่วยแก้ไขให้หน่อย,6,หมวดเทคโนโลยีสารสนเทศ
1181,รบกวนตรวจสอบบริเวณประตู 2 มีปัญหา อันตราย ครับ,2,หมวดความปลอดภัยและจราจร
817,แอดมินครับ ทุนการศึกษา ต้องติดต่อที่ส่วนไหนครับ,4,หมวดบริการทั่วไป / อื่นๆ
27,แจ้งเรื่องครับ พอดีเจอว่า ไฟดับ ที่ตึกวิทย์,1,หมวดอาคารและสิ่งอำนวยความสะดวก
1383,มีปัญหาเรื่อง ลงทะเบียนไม่ได้ ครับ ช่วยแก้ไขให้หน่อย,6,หมวดเทคโนโลยีสารสนเทศ
395,รบกวนตรวจสอบบริเวณประตู 2 มีปัญหา รถชน ครับ,2,หมวดความปลอดภัยและจราจร
1093,แอดมินครับ ทุนการศึกษา ต้องติดต่อที่ส่วนไหนครับ,4,หมวดบริการทั่วไป / อื่นๆ
492,รบกวนตรวจสอบบริเวณประตู 2 มีปัญหา ทางมืด ครับ,2,หมวดความปลอดภัยและจราจร
1460,ตรงสนามหญ้าหน้าคณะมีสภาพ ไม่ทำความสะอาด รบกวนดูแลด้วย,0,หมวดภูมิทัศน์และความสะอาด
617,รบกวนตรวจสอบบริเวณประตู 2 มีปัญหา รปภ. ครับ,2,หมวดความปลอดภัยและจราจร
241,ตรงสนามหญ้าหน้าคณะมีสภาพ หมาจรจัด รบกวนดูแลด้วย,0,หมวดภูมิทัศน์และความสะอาด
362,แอดมินครับ หมวกกันน็อคหาย ต้องติดต่อที่ส่วนไหนครับ,4,หมวดบริการทั่วไป / อื่นๆ
121,ขออนุญาตสอบถามเรื่อง อาจารย์ ของเทอมนี้ครับ,3,หมวดการเรียนการสอนและวิชาการ
1365,รบกวนตรวจสอบบริเวณประตู 2 มีปัญหา จอดรถขวาง ครับ,2,หมวดความปลอดภัยและจราจร
1049,รบกวนตรวจสอบบริเวณประตู 2 มีปัญหา รถชน ครับ,2,หมวดความปลอดภัยและจราจร
55,มีปัญหาเรื่อง ไวไฟเข้าไม่ได้ ครับ ช่วยแก้ไขให้หน่อย,6,หมวดเทคโนโลยีสารสนเทศ
229,แจ้งเรื่องครับ พอดีเจอว่า ประปา ที่ตึกวิทย์,1,หมวดอาคารและสิ่งอำนวยความสะดวก
486,รบกวนตรวจสอบบริเวณประตู 2 มีปัญหา รถชน ครับ,2,หมวดความปลอดภัยและจราจร
306,แจ้งเรื่องครับ พอดีเจอว่า น้ำไม่ไหล ที่ตึกวิทย์,1,หมวดอาคารและสิ่งอำนวยความสะดวก
1184,แอดมินครับ รถเมล์ไม่มา ต้องติดต่อที่ส่วนไหนครับ,5,หมวดการเดินทางและระบบขนส่ง
441,รบกวนตรวจสอบบริเวณประตู 2 มีปัญหา รถชน ครับ,2,หมวดความปลอดภัยและจราจร
989,แจ้งเรื่องครับ พอดีเจอว่า ไฟดับ ที่ตึกวิทย์,1,หมวดอาคารและสิ่งอำนวยความสะดวก
1085,แอดมินครับ สอบถามหน่อยครับ ต้องติดต่อที่ส่วนไหนครับ,4,หมวดบริการทั่วไป / อื่นๆ
1480,แอดมินครับ ขอคำแนะนำ ต้องติดต่อที่ส่วนไหนครับ,4,หมวดบริการทั่วไป / อื่นๆ
1151,แจ้งเรื่องครับ พอดีเจอว่า ประตูพัง ที่ตึกวิทย์,1,หมวดอาคารและสิ่งอำนวยความสะดวก
510,แอดมินครับ รถเมล์เสีย ต้องติดต่อที่ส่วนไหนครับ,5,หมวดการเดินทางและระบบขนส่ง
561,แอดมินครับ ตารางรถ ต้องติดต่อที่ส่วนไหนครับ,5,หมวดการเดินทางและระบบขนส่ง
307,มีปัญหาเรื่อง เน็ตหลุด ครับ ช่วยแก้ไขให้หน่อย,6,หมวดเทคโนโลยีสารสนเทศ
731,มีปัญหาเรื่อง เข้าเว็บไม่ได้ ครับ ช่วยแก้ไขให้หน่อย,6,หมวดเทคโนโลยีสารสนเทศ
1009,แอดมินครับ รถเมล์ ต้องติดต่อที่ส่วนไหนครับ,5,หมวดการเดินทางและระบบขนส่ง
914,แอดมินครับ บัตรนิสิต ต้องติดต่อที่ส่วนไหนครับ,4,หมวดบริการทั่วไป / อื่นๆ
183,รบกวนตรวจสอบบริเวณประตู 2 มีปัญหา ขโมย ครับ,2,หมวดความปลอดภัยและจราจร
866,แจ้งเรื่องครับ พอดีเจอว่า หลังคารั่ว ที่ตึกวิทย์,1,หมวดอาคารและสิ่งอำนวยความสะดวก
465,ตรงสนามหญ้าหน้าคณะมีสภาพ ไม่ทำความสะอาด รบกวนดูแลด้วย,0,หมวดภูมิทัศน์และความสะอาด
326,แอดมินครับ รอนาน ต้องติดต่อที่ส่วนไหนครับ,5,หมวดการเดินทางและระบบขนส่ง
1052,แอดมินครับ สอบถามหน่อยครับ ต้องติดต่อที่ส่วนไหนครับ,4,หมวดบริการทั่วไป / อื่นๆ
116,แจ้งเรื่องครับ พอดีเจอว่า ประตูพัง ที่ตึกวิทย์,1,หมวดอาคารและสิ่งอำนวยความสะดวก
923,รบกวนตรวจสอบบริเวณประตู 2 มีปัญหา ทางมืด ครับ,2,หมวดความปลอดภัยและจราจร
111,ขออนุญาตสอบถามเรื่อง ติดต่ออาจารย์ ของเทอมนี้ครับ,3,หมวดการเรียนการสอนและวิชาการ
1162,แจ้งเรื่องครับ พอดีเจอว่า แอร์ไม่เย็น ที่ตึกวิทย์,1,หมวดอาคารและสิ่งอำนวยความสะดวก
1394,มีปัญหาเรื่อง ลืมรหัสผ่าน ครับ ช่วยแก้ไขให้หน่อย,6,หมวดเทคโนโลยีสารสนเทศ
135,แจ้งเรื่องครับ พอดีเจอว่า ชำรุด ที่ตึกวิทย์,1,หมวดอาคารและสิ่งอำนวยความสะดวก
330,มีปัญหาเรื่อง เน็ตช้า ครับ ช่วยแก้ไขให้หน่อย,6,หมวดเทคโนโลยีสารสนเทศ
231,มีปัญหาเรื่อง เน็ตช้า ครับ ช่วยแก้ไขให้หน่อย,6,หมวดเทคโนโลยีสารสนเทศ
581,รบกวนตรวจสอบบริเวณประตู 2 มีปัญหา รถชน ครับ,2,หมวดความปลอดภัยและจราจร
555,ขออนุญาตสอบถามเรื่อง หน่วยกิต ของเทอมนี้ครับ,3,หมวดการเรียนการสอนและวิชาการ
349,แอดมินครับ ป้ายรถเมล์ ต้องติดต่อที่ส่วนไหนครับ,5,หมวดการเดินทางและระบบขนส่ง
293,แจ้งเรื่องครับ พอดีเจอว่า หลังคารั่ว ที่ตึกวิทย์,1,หมวดอาคารและสิ่งอำนวยความสะดวก
887,แอดมินครับ สอบถามหน่อยครับ ต้องติดต่อที่ส่วนไหนครับ,4,หมวดบริการทั่วไป / อื่นๆ
1116,รบกวนตรวจสอบบริเวณประตู 2 มีปัญหา อันตราย ครับ,2,หมวดความปลอดภัยและจราจร
1198,รบกวนตรวจสอบบริเวณประตู 2 มีปัญหา จอดรถขวาง ครับ,2,หมวดความปลอดภัยและจราจร
1324,ขออนุญาตสอบถามเรื่อง ขอสอบชดเชย ของเทอมนี้ครับ,3,หมวดการเรียนการสอนและวิชาการ
1359,แอดมินครับ รถเมล์มอ ต้องติดต่อที่ส่วนไหนครับ,5,หมวดการเดินทางและระบบขนส่ง
666,ขออนุญาตสอบถามเรื่อง อาจารย์ ของเทอมนี้ครับ,3,หมวดการเรียนการสอนและวิชาการ
46,มีปัญหาเรื่อง ระบบ ครับ ช่วยแก้ไขให้หน่อย,6,หมวดเทคโนโลยีสารสนเทศ
382,รบกวนตรวจสอบบริเวณประตู 2 มีปัญหา ขโมย ครับ,2,หมวดความปลอดภัยและจราจร
1036,แจ้งเรื่องครับ พอดีเจอว่า ไฟดับ ที่ตึกวิทย์,1,หมวดอาคารและสิ่งอำนวยความสะดวก
149,แจ้งเรื่องครับ พอดีเจอว่า ประปา ที่ตึกวิทย์,1,หมวดอาคารและสิ่งอำนวยความสะดวก
1007,มีปัญหาเรื่อง เข้าเว็บไม่ได้ ครับ ช่วยแก้ไขให้หน่อย,6,หมวดเทคโนโลยีสารสนเทศ
154,มีปัญหาเรื่อง ลงทะเบียนไม่ได้ ครับ ช่วยแก้ไขให้หน่อย,6,หมวดเทคโนโลยีสารสนเทศ
1242,มีปัญหาเรื่อง เข้าเว็บไม่ได้ ครับ ช่วยแก้ไขให้หน่อย,6,หมวดเทคโนโลยีสารสนเทศ
33,แอดมินครับ รอนาน ต้องติดต่อที่ส่วนไหนครับ,5,หมวดการเดินทางและระบบขนส่ง
1146,แจ้งเรื่องครับ พอดีเจอว่า น้ำไม่ไหล ที่ตึกวิทย์,1,หมวดอาคารและสิ่งอำนวยความสะดวก
607,แอดมินครับ ของหาย ต้องติดต่อที่ส่วนไหนครับ,4,หมวดบริการทั่วไป / อื่นๆ
266,ตรงสนามหญ้าหน้าคณะมีสภาพ สกปรก รบกวนดูแลด้วย,0,หมวดภูมิทัศน์และความสะอาด
896,แจ้งเรื่องครับ พอดีเจอว่า ลิฟต์ค้าง ที่ตึกวิทย์,1,หมวดอาคารและสิ่งอำนวยความสะดวก
678,มีปัญหาเรื่อง ลืมรหัสผ่าน ครับ ช่วยแก้ไขให้หน่อย,6,หมวดเทคโนโลยีสารสนเทศ
993,แจ้งเรื่องครับ พอดีเจอว่า พัง ที่ตึกวิทย์,1,หมวดอาคารและสิ่งอำนวยความสะดวก
452,แอดมินครับ ลืมของ ต้องติดต่อที่ส่วนไหนครับ,4,หมวดบริการทั่วไป / อื่นๆ
658,ขออนุญาตสอบถามเรื่อง เกรด ของเทอมนี้ครับ,3,หมวดการเรียนการสอนและวิชาการ
1396,รบกวนตรวจสอบบริเวณประตู 2 มีปัญหา เปลี่ยว ครับ,2,หมวดความปลอดภัยและจราจร
1165,รบกวนตรวจสอบบริเวณประตู 2 มีปัญหา หมวกกันน็อคหาย ครับ,2,หมวดความปลอดภัยและจราจร
453,รบกวนตรวจสอบบริเวณประตู 2 มีปัญหา รถชน ครับ,2,หมวดความปลอดภัยและจราจร
1248,แจ้งเรื่องครับ พอดีเจอว่า พัง ที่ตึกวิทย์,1,หมวดอาคารและสิ่งอำนวยความสะดวก
1129,ขออนุญาตสอบถามเรื่อง ติดต่ออาจารย์ ของเทอมนี้ครับ,3,หมวดการเรียนการสอนและวิชาการ
1315,ขออนุญาตสอบถามเรื่อง เกรด ของเทอมนี้ครับ,3,หมวดการเรียนการสอนและวิชาการ
1352,แอดมินครับ คิวรถ ต้องติดต่อที่ส่วนไหนครับ,5,หมวดการเดินทางและระบบขนส่ง
781,แอดมินครับ รถมอ ต้องติดต่อที่ส่วนไหนครับ,5,หมวดการเดินทางและระบบขนส่ง
454,มีปัญหาเรื่อง เข้าเว็บไม่ได้ ครับ ช่วยแก้ไขให้หน่อย,6,หมวดเทคโนโลยีสารสนเทศ
144,แอดมินครับ รถเมล์ ต้องติดต่อที่ส่วนไหนครับ,5,หมวดการเดินทางและระบบขนส่ง
1491,แอดมินครับ สอบถามหน่อยครับ ต้องติดต่อที่ส่วนไหนครับ,4,หมวดบริการทั่วไป / อื่นๆ
1335,ตรงสนามหญ้าหน้าคณะมีสภาพ กิ่งไม้หัก รบกวนดูแลด้วย,0,หมวดภูมิทัศน์และความสะอาด
843,ขออนุญาตสอบถามเรื่อง ดรอปเรียน ของเทอมนี้ครับ,3,หมวดการเรียนการสอนและวิชาการ
1305,มีปัญหาเรื่อง หลุดบ่อย ครับ ช่วยแก้ไขให้หน่อย,6,หมวดเทคโนโลยีสารสนเทศ
748,รบกวนตรวจสอบบริเวณประตู 2 มีปัญหา อันตราย ครับ,2,หมวดความปลอดภัยและจราจร
1215,แอดมินครับ รถมอ ต้องติดต่อที่ส่วนไหนครับ,5,หมวดการเดินทางและระบบขนส่ง
1314,รบกวนตรวจสอบบริเวณประตู 2 มีปัญหา อันตราย ครับ,2,หมวดความปลอดภัยและจราจร
354,แจ้งเรื่องครับ พอดีเจอว่า หลอดไฟขาด ที่ตึกวิทย์,1,หมวดอาคารและสิ่งอำนวยความสะดวก
1166,ตรงสนามหญ้าหน้าคณะมีสภาพ ถังขยะเต็ม รบกวนดูแลด้วย,0,หมวดภูมิทัศน์และความสะอาด
509,มีปัญหาเรื่อง ระบบล่ม ครับ ช่วยแก้ไขให้หน่อย,6,หมวดเทคโนโลยีสารสนเทศ
1021,มีปัญหาเรื่อง หลุดบ่อย ครับ ช่วยแก้ไขให้หน่อย,6,หมวดเทคโนโลยีสารสนเทศ
211,แอดมินครับ ลืมของ ต้องติดต่อที่ส่วนไหนครับ,4,หมวดบริการทั่วไป / อื่นๆ
800,ตรงสนามหญ้าหน้าคณะมีสภาพ ถังขยะเต็ม รบกวนดูแลด้วย,0,หมวดภูมิทัศน์และความสะอาด
480,แอดมินครับ คิวรถ ต้องติดต่อที่ส่วนไหนครับ,5,หมวดการเดินทางและระบบขนส่ง
519,แจ้งเรื่องครับ พอดีเจอว่า แอร์ ที่ตึกวิทย์,1,หมวดอาคารและสิ่งอำนวยความสะดวก
722,ตรงสนามหญ้าหน้าคณะมีสภาพ ถังขยะเต็ม รบกวนดูแลด้วย,0,หมวดภูมิทัศน์และความสะอาด
611,ขออนุญาตสอบถามเรื่อง เกรด ของเทอมนี้ครับ,3,หมวดการเรียนการสอนและวิชาการ
1004,ขออนุญาตสอบถามเรื่อง วันสอบ ของเทอมนี้ครับ,3,หมวดการเรียนการสอนและวิชาการ
945,ขออนุญาตสอบถามเรื่อง ขอสอบชดเชย ของเทอมนี้ครับ,3,หมวดการเรียนการสอนและวิชาการ
124,แอดมินครับ หมวกกันน็อกหาย ต้องติดต่อที่ส่วนไหนครับ,4,หมวดบริการทั่วไป / อื่นๆ
1153,มีปัญหาเรื่อง ลงทะเบียนไม่ได้ ครับ ช่วยแก้ไขให้หน่อย,6,หมวดเทคโนโลยีสารสนเทศ
603,ตรงสนามหญ้าหน้าคณะมีสภาพ ถังขยะเต็ม รบกวนดูแลด้วย,0,หมวดภูมิทัศน์และความสะอาด
981,ขออนุญาตสอบถามเรื่อง ตารางเรียน ของเทอมนี้ครับ,3,หมวดการเรียนการสอนและวิชาการ
1096,ขออนุญาตสอบถามเรื่อง ดรอปเรียน ของเทอมนี้ครับ,3,หมวดการเรียนการสอนและวิชาการ
247,แจ้งเรื่องครับ พอดีเจอว่า น้ำไม่ไหล ที่ตึกวิทย์,1,หมวดอาคารและสิ่งอำนวยความสะดวก
71,แอดมินครับ หมวกกันน็อคหาย ต้องติดต่อที่ส่วนไหนครับ,4,หมวดบริการทั่วไป / อื่นๆ
1019,รบกวนตรวจสอบบริเวณประตู 2 มีปัญหา ขโมย ครับ,2,หมวดความปลอดภัยและจราจร
1402,ขออนุญาตสอบถามเรื่อง วันสอบ ของเทอมนี้ครับ,3,หมวดการเรียนการสอนและวิชาการ
1368,มีปัญหาเรื่อง เน็ตหลุด ครับ ช่วยแก้ไขให้หน่อย,6,หมวดเทคโนโลยีสารสนเทศ
674,ตรงสนามหญ้าหน้าคณะมีสภาพ ถังขยะเต็ม รบกวนดูแลด้วย,0,หมวดภูมิทัศน์และความสะอาด
261,แอดมินครับ อยากทราบว่า ต้องติดต่อที่ส่วนไหนครับ,4,หมวดบริการทั่วไป / อื่นๆ
719,แอดมินครับ ไม่จอดรับ ต้องติดต่อที่ส่วนไหนครับ,5,หมวดการเดินทางและระบบขนส่ง
369,รบกวนตรวจสอบบริเวณประตู 2 มีปัญหา ไม่มีไฟกิ่ง ครับ,2,หมวดความปลอดภัยและจราจร
1102,แจ้งเรื่องครับ พอดีเจอว่า ประปา ที่ตึกวิทย์,1,หมวดอาคารและสิ่งอำนวยความสะดวก
1497,ขออนุญาตสอบถามเรื่อง เกรด ของเทอมนี้ครับ,3,หมวดการเรียนการสอนและวิชาการ
410,รบกวนตรวจสอบบริเวณประตู 2 มีปัญหา ทางมืด ครับ,2,หมวดความปลอดภัยและจราจร
1265,ตรงสนามหญ้าหน้าคณะมีสภาพ ถังขยะเต็ม รบกวนดูแลด้วย,0,หมวดภูมิทัศน์และความสะอาด
702,มีปัญหาเรื่อง เน็ตหลุด ครับ ช่วยแก้ไขให้หน่อย,6,หมวดเทคโนโลยีสารสนเทศ
1292,ขออนุญาตสอบถามเรื่อง ดรอปเรียน ของเทอมนี้ครับ,3,หมวดการเรียนการสอนและวิชาการ
444,แอดมินครับ สายรถ ต้องติดต่อที่ส่วนไหนครับ,5,หมวดการเดินทางและระบบขนส่ง
1088,ขออนุญาตสอบถามเรื่อง ตารางเรียน ของเทอมนี้ครับ,3,หมวดการเรียนการสอนและวิชาการ
1441,รบกวนตรวจสอบบริเวณประตู 2 มีปัญหา ทางมืด ครับ,2,หมวดความปลอดภัยและจราจร
1461,มีปัญหาเรื่อง หลุดบ่อย ครับ ช่วยแก้ไขให้หน่อย,6,หมวดเทคโนโลยีสารสนเทศ
1017,แอดมินครับ รถมอ ต้องติดต่อที่ส่วนไหนครับ,5,หมวดการเดินทางและระบบขนส่ง
806,ตรงสนามหญ้าหน้าคณะมีสภาพ หญ้ารก รบกวนดูแลด้วย,0,หมวดภูมิทัศน์และความสะอาด
548,แอดมินครับ ตามหาของ ต้องติดต่อที่ส่วนไหนครับ,4,หมวดบริการทั่วไป / อื่นๆ
854,แจ้งเรื่องครับ พอดีเจอว่า พัง ที่ตึกวิทย์,1,หมวดอาคารและสิ่งอำนวยความสะดวก
920,ขออนุญาตสอบถามเรื่อง ติดต่ออาจารย์ ของเทอมนี้ครับ,3,หมวดการเรียนการสอนและวิชาการ
290,แอดมินครับ รถติด ต้องติดต่อที่ส่วนไหนครับ,5,หมวดการเดินทางและระบบขนส่ง
1417,ตรงสนามหญ้าหน้าคณะมีสภาพ สกปรก รบกวนดูแลด้วย,0,หมวดภูมิทัศน์และความสะอาด
1077,ขออนุญาตสอบถามเรื่อง ติดต่ออาจารย์ ของเทอมนี้ครับ,3,หมวดการเรียนการสอนและวิชาการ
1291,รบกวนตรวจสอบบริเวณประตู 2 มีปัญหา รถชน ครับ,2,หมวดความปลอดภัยและจราจร
1413,แจ้งเรื่องครับ พอดีเจอว่า น้ำไม่ไหล ที่ตึกวิทย์,1,หมวดอาคารและสิ่งอำนวยความสะดวก
64,ตรงสนามหญ้าหน้าคณะมีสภาพ ทำความสะอาด รบกวนดูแลด้วย,0,หมวดภูมิทัศน์และความสะอาด
32,แจ้งเรื่องครับ พอดีเจอว่า ลิฟต์ค้าง ที่ตึกวิทย์,1,หมวดอาคารและสิ่งอำนวยความสะดวก
448,ขออนุญาตสอบถามเรื่อง เกรด ของเทอมนี้ครับ,3,หมวดการเรียนการสอนและวิชาการ
1230,ตรงสนามหญ้าหน้าคณะมีสภาพ หญ้ารก รบกวนดูแลด้วย,0,หมวดภูมิทัศน์และความสะอาด
1013,แอดมินครับ รอนาน ต้องติดต่อที่ส่วนไหนครับ,5,หมวดการเดินทางและระบบขนส่ง
214,ตรงสนามหญ้าหน้าคณะมีสภาพ ต้นไม้ล้ม รบกวนดูแลด้วย,0,หมวดภูมิทัศน์และความสะอาด
446,ตรงสนามหญ้าหน้าคณะมีสภาพ ขยะล้น รบกวนดูแลด้วย,0,หมวดภูมิทัศน์และความสะอาด
109,มีปัญหาเรื่อง เน็ตหลุด ครับ ช่วยแก้ไขให้หน่อย,6,หมวดเทคโนโลยีสารสนเทศ
537,แอดมินครับ สอบถามหน่อยครับ ต้องติดต่อที่ส่วนไหนครับ,4,หมวดบริการทั่วไป / อื่นๆ
440,ตรงสนามหญ้าหน้าคณะมีสภาพ ทำความสะอาด รบกวนดูแลด้วย,0,หมวดภูมิทัศน์และความสะอาด
1014,แจ้งเรื่องครับ พอดีเจอว่า แอร์ ที่ตึกวิทย์,1,หมวดอาคารและสิ่งอำนวยความสะดวก
589,แอดมินครับ บัตรนิสิต ต้องติดต่อที่ส่วนไหนครับ,4,หมวดบริการทั่วไป / อื่นๆ
858,มีปัญหาเรื่อง ลงทะเบียนไม่ได้ ครับ ช่วยแก้ไขให้หน่อย,6,หมวดเทคโนโลยีสารสนเทศ
572,มีปัญหาเรื่อง ลงทะเบียนไม่ได้ ครับ ช่วยแก้ไขให้หน่อย,6,หมวดเทคโนโลยีสารสนเทศ
74,แอดมินครับ ขอคำแนะนำ ต้องติดต่อที่ส่วนไหนครับ,4,หมวดบริการทั่วไป / อื่นๆ
977,ตรงสนามหญ้าหน้าคณะมีสภาพ กิ่งไม้หัก รบกวนดูแลด้วย,0,หมวดภูมิทัศน์และความสะอาด
383,ขออนุญาตสอบถามเรื่อง ดรอปเรียน ของเทอมนี้ครับ,3,หมวดการเรียนการสอนและวิชาการ
1114,รบกวนตรวจสอบบริเวณประตู 2 มีปัญหา เปลี่ยว ครับ,2,หมวดความปลอดภัยและจราจร
1082,แจ้งเรื่องครับ พอดีเจอว่า ประตูพัง ที่ตึกวิทย์,1,หมวดอาคารและสิ่งอำนวยความสะดวก
1197,มีปัญหาเรื่อง เน็ตช้า ครับ ช่วยแก้ไขให้หน่อย,6,หมวดเทคโนโลยีสารสนเทศ
699,ขออนุญาตสอบถามเรื่อง วิชา ของเทอมนี้ครับ,3,หมวดการเรียนการสอนและวิชาการ
1039,รบกวนตรวจสอบบริเวณประตู 2 มีปัญหา เปลี่ยว ครับ,2,หมวดความปลอดภัยและจราจร
169,ขออนุญาตสอบถามเรื่อง วันสอบ ของเทอมนี้ครับ,3,หมวดการเรียนการสอนและวิชาการ
1437,แอดมินครับ รถมอเตอร์ไซค์ ต้องติดต่อที่ส่วนไหนครับ,5,หมวดการเดินทางและระบบขนส่ง
534,ขออนุญาตสอบถามเรื่อง ติดต่ออาจารย์ ของเทอมนี้ครับ,3,หมวดการเรียนการสอนและวิชาการ
333,แจ้งเรื่องครับ พอดีเจอว่า ประปา ที่ตึกวิทย์,1,หมวดอาคารและสิ่งอำนวยความสะดวก
598,แอดมินครับ ของหาย ต้องติดต่อที่ส่วนไหนครับ,4,หมวดบริการทั่วไป / อื่นๆ
51,ขออนุญาตสอบถามเรื่อง ดรอปเรียน ของเทอมนี้ครับ,3,หมวดการเรียนการสอนและวิชาการ
894,ตรงสนามหญ้าหน้าคณะมีสภาพ ไม่ทำความสะอาด รบกวนดูแลด้วย,0,หมวดภูมิทัศน์และความสะอาด
427,แอดมินครับ สอบถามหน่อยครับ ต้องติดต่อที่ส่วนไหนครับ,4,หมวดบริการทั่วไป / อื่นๆ
711,ขออนุญาตสอบถามเรื่อง วิชา ของเทอมนี้ครับ,3,หมวดการเรียนการสอนและวิชาการ
386,แอดมินครับ ตารางรถ ต้องติดต่อที่ส่วนไหนครับ,5,หมวดการเดินทางและระบบขนส่ง
514,แจ้งเรื่องครับ พอดีเจอว่า ลิฟต์ค้าง ที่ตึกวิทย์,1,หมวดอาคารและสิ่งอำนวยความสะดวก
741,แจ้งเรื่องครับ พอดีเจอว่า ไฟดับ ที่ตึกวิทย์,1,หมวดอาคารและสิ่งอำนวยความสะดวก
426,ตรงสนามหญ้าหน้าคณะมีสภาพ ทำความสะอาด รบกวนดูแลด้วย,0,หมวดภูมิทัศน์และความสะอาด
319,รบกวนตรวจสอบบริเวณประตู 2 มีปัญหา เปลี่ยว ครับ,2,หมวดความปลอดภัยและจราจร
24,มีปัญหาเรื่อง ลืมรหัสผ่าน ครับ ช่วยแก้ไขให้หน่อย,6,หมวดเทคโนโลยีสารสนเทศ
137,แอดมินครับ บัตรนิสิต ต้องติดต่อที่ส่วนไหนครับ,4,หมวดบริการทั่วไป / อื่นๆ
1026,แอดมินครับ บัตรนิสิต ต้องติดต่อที่ส่วนไหนครับ,4,หมวดบริการทั่วไป / อื่นๆ
1076,ตรงสนามหญ้าหน้าคณะมีสภาพ ไม่ทำความสะอาด รบกวนดูแลด้วย,0,หมวดภูมิทัศน์และความสะอาด
288,ตรงสนามหญ้าหน้าคณะมีสภาพ เหม็น รบกวนดูแลด้วย,0,หมวดภูมิทัศน์และความสะอาด
780,แจ้งเรื่องครับ พอดีเจอว่า ลิฟต์ค้าง ที่ตึกวิทย์,1,หมวดอาคารและสิ่งอำนวยความสะดวก
230,แจ้งเรื่องครับ พอดีเจอว่า พัง ที่ตึกวิทย์,1,หมวดอาคารและสิ่งอำนวยความสะดวก
1208,แอดมินครับ บัตรนิสิต ต้องติดต่อที่ส่วนไหนครับ,4,หมวดบริการทั่วไป / อื่นๆ
606,แอดมินครับ ตารางรถ ต้องติดต่อที่ส่วนไหนครับ,5,หมวดการเดินทางและระบบขนส่ง
612,แจ้งเรื่องครับ พอดีเจอว่า ไฟดับ ที่ตึกวิทย์,1,หมวดอาคารและสิ่งอำนวยความสะดวก
939,ตรงสนามหญ้าหน้าคณะมีสภาพ ทำความสะอาด รบกวนดูแลด้วย,0,หมวดภูมิทัศน์และความสะอาด
237,แอดมินครับ ขอคำแนะนำ ต้องติดต่อที่ส่วนไหนครับ,4,หมวดบริการทั่วไป / อื่นๆ
197,ขออนุญาตสอบถามเรื่อง ดรอปเรียน ของเทอมนี้ครับ,3,หมวดการเรียนการสอนและวิชาการ
1280,ตรงสนามหญ้าหน้าคณะมีสภาพ ต้นไม้ล้ม รบกวนดูแลด้วย,0,หมวดภูมิทัศน์และความสะอาด
964,แจ้งเรื่องครับ พอดีเจอว่า แอร์ ที่ตึกวิทย์,1,หมวดอาคารและสิ่งอำนวยความสะดวก
97,แอดมินครับ รถมอเตอร์ไซค์ ต้องติดต่อที่ส่วนไหนครับ,5,หมวดการเดินทางและระบบขนส่ง
328,ตรงสนามหญ้าหน้าคณะมีสภาพ หมาจรจัด รบกวนดูแลด้วย,0,หมวดภูมิทัศน์และความสะอาด
994,มีปัญหาเรื่อง เข้าเว็บไม่ได้ ครับ ช่วยแก้ไขให้หน่อย,6,หมวดเทคโนโลยีสารสนเทศ
83,แอดมินครับ รถเมล์ ต้องติดต่อที่ส่วนไหนครับ,5,หมวดการเดินทางและระบบขนส่ง
1419,รบกวนตรวจสอบบริเวณประตู 2 มีปัญหา รปภ ครับ,2,หมวดความปลอดภัยและจราจร
901,แจ้งเรื่องครับ พอดีเจอว่า ชำรุด ที่ตึกวิทย์,1,หมวดอาคารและสิ่งอำนวยความสะดวก
220,แอดมินครับ ตามหาของ ต้องติดต่อที่ส่วนไหนครับ,4,หมวดบริการทั่วไป / อื่นๆ
236,แอดมินครับ รถเมล์เต็ม ต้องติดต่อที่ส่วนไหนครับ,5,หมวดการเดินทางและระบบขนส่ง
1450,แอดมินครับ ตามหาของ ต้องติดต่อที่ส่วนไหนครับ,4,หมวดบริการทั่วไป / อื่นๆ
372,รบกวนตรวจสอบบริเวณประตู 2 มีปัญหา รปภ. ครับ,2,หมวดความปลอดภัยและจราจร
1443,แอดมินครับ รถไม่มา ต้องติดต่อที่ส่วนไหนครับ,5,หมวดการเดินทางและระบบขนส่ง
864,ตรงสนามหญ้าหน้าคณะมีสภาพ หมาจรจัด รบกวนดูแลด้วย,0,หมวดภูมิทัศน์และความสะอาด
199,ขออนุญาตสอบถามเรื่อง วันสอบ ของเทอมนี้ครับ,3,หมวดการเรียนการสอนและวิชาการ
63,ขออนุญาตสอบถามเรื่อง วิชา ของเทอมนี้ครับ,3,หมวดการเรียนการสอนและวิชาการ
1136,แอดมินครับ สอบถามหน่อยครับ ต้องติดต่อที่ส่วนไหนครับ,4,หมวดบริการทั่วไป / อื่นๆ
595,แอดมินครับ บัตรนิสิต ต้องติดต่อที่ส่วนไหนครับ,4,หมวดบริการทั่วไป / อื่นๆ
577,ขออนุญาตสอบถามเรื่อง วันสอบ ของเทอมนี้ครับ,3,หมวดการเรียนการสอนและวิชาการ
321,มีปัญหาเรื่อง ระบบล่ม ครับ ช่วยแก้ไขให้หน่อย,6,หมวดเทคโนโลยีสารสนเทศ
596,รบกวนตรวจสอบบริเวณประตู 2 มีปัญหา ไม่มีไฟกิ่ง ครับ,2,หมวดความปลอดภัยและจราจร
1236,แอดมินครับ กิจกรรม ต้องติดต่อที่ส่วนไหนครับ,4,หมวดบริการทั่วไป / อื่นๆ
1152,มีปัญหาเรื่อง หลุดบ่อย ครับ ช่วยแก้ไขให้หน่อย,6,หมวดเทคโนโลยีสารสนเทศ
687,ขออนุญาตสอบถามเรื่อง ตารางเรียน ของเทอมนี้ครับ,3,หมวดการเรียนการสอนและวิชาการ
1225,แอดมินครับ รถเมล์ติด ต้องติดต่อที่ส่วนไหนครับ,5,หมวดการเดินทางและระบบขนส่ง
1344,แอดมินครับ หมวกกันน็อคหาย ต้องติดต่อที่ส่วนไหนครับ,4,หมวดบริการทั่วไป / อื่นๆ
1041,แจ้งเรื่องครับ พอดีเจอว่า ลิฟต์ค้าง ที่ตึกวิทย์,1,หมวดอาคารและสิ่งอำนวยความสะดวก
184,มีปัญหาเรื่อง ระบบล่ม ครับ ช่วยแก้ไขให้หน่อย,6,หมวดเทคโนโลยีสารสนเทศ
978,แจ้งเรื่องครับ พอดีเจอว่า หลังคารั่ว ที่ตึกวิทย์,1,หมวดอาคารและสิ่งอำนวยความสะดวก
559,แอดมินครับ ขอคำแนะนำ ต้องติดต่อที่ส่วนไหนครับ,4,หมวดบริการทั่วไป / อื่นๆ
1381,แอดมินครับ อยากทราบว่า ต้องติดต่อที่ส่วนไหนครับ,4,หมวดบริการทั่วไป / อื่นๆ
750,แจ้งเรื่องครับ พอดีเจอว่า พัง ที่ตึกวิทย์,1,หมวดอาคารและสิ่งอำนวยความสะดวก
874,แอดมินครับ รถเมล์เสีย ต้องติดต่อที่ส่วนไหนครับ,5,หมวดการเดินทางและระบบขนส่ง
1400,ตรงสนามหญ้าหน้าคณะมีสภาพ หมาจรจัด รบกวนดูแลด้วย,0,หมวดภูมิทัศน์และความสะอาด
1433,มีปัญหาเรื่อง เน็ตช้า ครับ ช่วยแก้ไขให้หน่อย,6,หมวดเทคโนโลยีสารสนเทศ
998,รบกวนตรวจสอบบริเวณประตู 2 มีปัญหา ขโมย ครับ,2,หมวดความปลอดภัยและจราจร
765,แอดมินครับ รถเมล์เต็ม ต้องติดต่อที่ส่วนไหนครับ,5,หมวดการเดินทางและระบบขนส่ง
25,แอดมินครับ สอบถามหน่อยครับ ต้องติดต่อที่ส่วนไหนครับ,4,หมวดบริการทั่วไป / อื่นๆ
726,ขออนุญาตสอบถามเรื่อง ตารางเรียน ของเทอมนี้ครับ,3,หมวดการเรียนการสอนและวิชาการ
234,ขออนุญาตสอบถามเรื่อง วันสอบ ของเทอมนี้ครับ,3,หมวดการเรียนการสอนและวิชาการ
1325,รบกวนตรวจสอบบริเวณประตู 2 มีปัญหา จอดรถขวาง ครับ,2,หมวดความปลอดภัยและจราจร
663,แจ้งเรื่องครับ พอดีเจอว่า แอร์ ที่ตึกวิทย์,1,หมวดอาคารและสิ่งอำนวยความสะดวก
1456,แอดมินครับ ตามหาของ ต้องติดต่อที่ส่วนไหนครับ,4,หมวดบริการทั่วไป / อื่นๆ
824,ตรงสนามหญ้าหน้าคณะมีสภาพ ขยะล้น รบกวนดูแลด้วย,0,หมวดภูมิทัศน์และความสะอาด
81,ตรงสนามหญ้าหน้าคณะมีสภาพ ทำความสะอาด รบกวนดูแลด้วย,0,หมวดภูมิทัศน์และความสะอาด
1060,มีปัญหาเรื่อง ระบบล่ม ครับ ช่วยแก้ไขให้หน่อย,6,หมวดเทคโนโลยีสารสนเทศ
1190,ตรงสนามหญ้าหน้าคณะมีสภาพ กิ่งไม้หัก รบกวนดูแลด้วย,0,หมวดภูมิทัศน์และความสะอาด
1243,รบกวนตรวจสอบบริเวณประตู 2 มีปัญหา รปภ ครับ,2,หมวดความปลอดภัยและจราจร
1289,ตรงสนามหญ้าหน้าคณะมีสภาพ หมาจรจัด รบกวนดูแลด้วย,0,หมวดภูมิทัศน์และความสะอาด
467,แอดมินครับ รถเมล์เสีย ต้องติดต่อที่ส่วนไหนครับ,5,หมวดการเดินทางและระบบขนส่ง
1132,มีปัญหาเรื่อง เข้าเว็บไม่ได้ ครับ ช่วยแก้ไขให้หน่อย,6,หมวดเทคโนโลยีสารสนเทศ
502,ตรงสนามหญ้าหน้าคณะมีสภาพ ต้นไม้ล้ม รบกวนดูแลด้วย,0,หมวดภูมิทัศน์และความสะอาด
725,แอดมินครับ รถเมล์มอ ต้องติดต่อที่ส่วนไหนครับ,5,หมวดการเดินทางและระบบขนส่ง
414,ตรงสนามหญ้าหน้าคณะมีสภาพ ขยะล้น รบกวนดูแลด้วย,0,หมวดภูมิทัศน์และความสะอาด
826,มีปัญหาเรื่อง ระบบ ครับ ช่วยแก้ไขให้หน่อย,6,หมวดเทคโนโลยีสารสนเทศ
790,แอดมินครับ กิจกรรม ต้องติดต่อที่ส่วนไหนครับ,4,หมวดบริการทั่วไป / อื่นๆ
961,แอดมินครับ หมวกกันน็อคหาย ต้องติดต่อที่ส่วนไหนครับ,4,หมวดบริการทั่วไป / อื่นๆ
1000,ตรงสนามหญ้าหน้าคณะมีสภาพ ถังขยะเต็ม รบกวนดูแลด้วย,0,หมวดภูมิทัศน์และความสะอาด
513,ตรงสนามหญ้าหน้าคณะมีสภาพ ถังขยะเต็ม รบกวนดูแลด้วย,0,หมวดภูมิทัศน์และความสะอาด
1156,รบกวนตรวจสอบบริเวณประตู 2 มีปัญหา อันตราย ครับ,2,หมวดความปลอดภัยและจราจร
877,แอดมินครับ ขอคำแนะนำ ต้องติดต่อที่ส่วนไหนครับ,4,หมวดบริการทั่วไป / อื่นๆ
841,ตรงสนามหญ้าหน้าคณะมีสภาพ หญ้ารก รบกวนดูแลด้วย,0,หมวดภูมิทัศน์และความสะอาด
1334,ขออนุญาตสอบถามเรื่อง อาจารย์ ของเทอมนี้ครับ,3,หมวดการเรียนการสอนและวิชาการ
456,แจ้งเรื่องครับ พอดีเจอว่า ลิฟต์ ที่ตึกวิทย์,1,หมวดอาคารและสิ่งอำนวยความสะดวก
1423,แจ้งเรื่องครับ พอดีเจอว่า แอร์ ที่ตึกวิทย์,1,หมวดอาคารและสิ่งอำนวยความสะดวก
343,แอดมินครับ บัตรนิสิต ต้องติดต่อที่ส่วนไหนครับ,4,หมวดบริการทั่วไป / อื่นๆ
1223,แจ้งเรื่องครับ พอดีเจอว่า แอร์ ที่ตึกวิทย์,1,หมวดอาคารและสิ่งอำนวยความสะดวก
1438,รบกวนตรวจสอบบริเวณประตู 2 มีปัญหา รปภ. ครับ,2,หมวดความปลอดภัยและจราจร
654,แจ้งเรื่องครับ พอดีเจอว่า ไฟดับ ที่ตึกวิทย์,1,หมวดอาคารและสิ่งอำนวยความสะดวก
226,แจ้งเรื่องครับ พอดีเจอว่า พัง ที่ตึกวิทย์,1,หมวดอาคารและสิ่งอำนวยความสะดวก
388,มีปัญหาเรื่อง หลุดบ่อย ครับ ช่วยแก้ไขให้หน่อย,6,หมวดเทคโนโลยีสารสนเทศ
715,ขออนุญาตสอบถามเรื่อง วิชา ของเทอมนี้ครับ,3,หมวดการเรียนการสอนและวิชาการ
910,ขออนุญาตสอบถามเรื่อง วันสอบ ของเทอมนี้ครับ,3,หมวดการเรียนการสอนและวิชาการ
747,ขออนุญาตสอบถามเรื่อง ขอสอบชดเชย ของเทอมนี้ครับ,3,หมวดการเรียนการสอนและวิชาการ
508,แอดมินครับ ลืมของ ต้องติดต่อที่ส่วนไหนครับ,4,หมวดบริการทั่วไป / อื่นๆ
724,แอดมินครับ กิจกรรม ต้องติดต่อที่ส่วนไหนครับ,4,หมวดบริการทั่วไป / อื่นๆ
1122,ตรงสนามหญ้าหน้าคณะมีสภาพ หมาจรจัด รบกวนดูแลด้วย,0,หมวดภูมิทัศน์และความสะอาด
201,ตรงสนามหญ้าหน้าคณะมีสภาพ ไม่ทำความสะอาด รบกวนดูแลด้วย,0,หมวดภูมิทัศน์และความสะอาด
1189,แอดมินครับ ตามหาของ ต้องติดต่อที่ส่วนไหนครับ,4,หมวดบริการทั่วไป / อื่นๆ
665,แอดมินครับ บัตรนิสิต ต้องติดต่อที่ส่วนไหนครับ,4,หมวดบริการทั่วไป / อื่นๆ
61,ขออนุญาตสอบถามเรื่อง อาจารย์ ของเทอมนี้ครับ,3,หมวดการเรียนการสอนและวิชาการ
1318,แอดมินครับ รถเมล์มอ ต้องติดต่อที่ส่วนไหนครับ,5,หมวดการเดินทางและระบบขนส่ง
1068,มีปัญหาเรื่อง เน็ตช้า ครับ ช่วยแก้ไขให้หน่อย,6,หมวดเทคโนโลยีสารสนเทศ
568,มีปัญหาเรื่อง ลืมรหัสผ่าน ครับ ช่วยแก้ไขให้หน่อย,6,หมวดเทคโนโลยีสารสนเทศ
737,มีปัญหาเรื่อง เน็ตหลุด ครับ ช่วยแก้ไขให้หน่อย,6,หมวดเทคโนโลยีสารสนเทศ
1444,แอดมินครับ รถเมล์สาย ต้องติดต่อที่ส่วนไหนครับ,5,หมวดการเดินทางและระบบขนส่ง
579,แจ้งเรื่องครับ พอดีเจอว่า พัง ที่ตึกวิทย์,1,หมวดอาคารและสิ่งอำนวยความสะดวก
883,รบกวนตรวจสอบบริเวณประตู 2 มีปัญหา รปภ ครับ,2,หมวดความปลอดภัยและจราจร
1279,ขออนุญาตสอบถามเรื่อง วันสอบ ของเทอมนี้ครับ,3,หมวดการเรียนการสอนและวิชาการ
1186,แอดมินครับ สอบถามหน่อยครับ ต้องติดต่อที่ส่วนไหนครับ,4,หมวดบริการทั่วไป / อื่นๆ
1142,มีปัญหาเรื่อง ลืมรหัสผ่าน ครับ ช่วยแก้ไขให้หน่อย,6,หมวดเทคโนโลยีสารสนเทศ
902,แอดมินครับ อยากทราบว่า ต้องติดต่อที่ส่วนไหนครับ,4,หมวดบริการทั่วไป / อื่นๆ
1204,แอดมินครับ กิจกรรม ต้องติดต่อที่ส่วนไหนครับ,4,หมวดบริการทั่วไป / อื่นๆ
48,แอดมินครับ รถเมล์ติด ต้องติดต่อที่ส่วนไหนครับ,5,หมวดการเดินทางและระบบขนส่ง
791,ขออนุญาตสอบถามเรื่อง วิชา ของเทอมนี้ครับ,3,หมวดการเรียนการสอนและวิชาการ
973,ตรงสนามหญ้าหน้าคณะมีสภาพ ถังขยะเต็ม รบกวนดูแลด้วย,0,หมวดภูมิทัศน์และความสะอาด
1418,แอดมินครับ อยากทราบว่า ต้องติดต่อที่ส่วนไหนครับ,4,หมวดบริการทั่วไป / อื่นๆ
